ticker,quarterly_reports_found,mse,yfinance_probabilities,model_probabilities,blind_mse,blind_model_probabilities
MSFT,4,0.044840285374554104,"{""strongBuy"": 0.2413793103448276, ""buy"": 0.6724137931034483, ""hold"": 0.08620689655172414, ""sell"": 0.0, ""strongSell"": 0.0}","{""strongBuy"": 0.39, ""buy"": 0.26, ""hold"": 0.25, ""sell"": 0.04000000000000001, ""strongSell"": 0.06}",0.047836147443519626,"{""strongBuy"": 0.39, ""buy"": 0.26, ""hold"": 0.3, ""sell"": 0.020000000000000004, ""strongSell"": 0.03}"
GOOGL,4,0.07504467773437501,"{""strongBuy"": 0.23046875, ""buy"": 0.5859375, ""hold"": 0.18359375, ""sell"": 0.0, ""strongSell"": 0.0}","{""strongBuy"": 0.15, ""buy"": 0.1, ""hold"": 0.5, ""sell"": 0.1, ""strongSell"": 0.15}",0.09247405273437499,"{""strongBuy"": 0.12, ""buy"": 0.08000000000000002, ""hold"": 0.6, ""sell"": 0.08000000000000002, ""strongSell"": 0.12}"
AMZN,4,0.10873391656454792,"{""strongBuy"": 0.2664233576642336, ""buy"": 0.6788321167883211, ""hold"": 0.04744525547445255, ""sell"": 0.0, ""strongSell"": 0.0072992700729927005}","{""strongBuy"": 0.18, ""buy"": 0.12, ""hold"": 0.5, ""sell"": 0.08000000000000002, ""strongSell"": 0.12}",0.10873391656454792,"{""strongBuy"": 0.18, ""buy"": 0.12, ""hold"": 0.5, ""sell"": 0.08000000000000002, ""strongSell"": 0.12}"
META,4,0.12263124260355027,"{""strongBuy"": 0.18846153846153846, ""buy"": 0.6730769230769231, ""hold"": 0.1076923076923077, ""sell"": 0.0, ""strongSell"": 0.03076923076923077}","{""strongBuy"": 0.12, ""buy"": 0.08000000000000002, ""hold"": 0.6, ""sell"": 0.08000000000000002, ""strongSell"": 0.12}",0.09484662721893491,"{""strongBuy"": 0.18, ""buy"": 0.12, ""hold"": 0.5, ""sell"": 0.08000000000000002, ""strongSell"": 0.12}"
NVDA,4,0.11867519999999998,"{""strongBuy"": 0.184, ""buy"": 0.744, ""hold"": 0.072, ""sell"": 0.0, ""strongSell"": 0.0}","{""strongBuy"": 0.18, ""buy"": 0.12, ""hold"": 0.5, ""sell"": 0.08000000000000002, ""strongSell"": 0.12}",0.0585152,"{""strongBuy"": 0.42, ""buy"": 0.27999999999999997, ""hold"": 0.2, ""sell"": 0.04000000000000001, ""strongSell"": 0.06}"
AMD,4,0.059702107522537316,"{""strongBuy"": 0.15577889447236182, ""buy"": 0.5527638190954773, ""hold"": 0.27638190954773867, ""sell"": 0.01507537688442211, ""strongSell"": 0.0}","{""strongBuy"": 0.15, ""buy"": 0.1, ""hold"": 0.55, ""sell"": 0.08000000000000002, ""strongSell"": 0.12}",0.05129828842705993,"{""strongBuy"": 0.18, ""buy"": 0.12, ""hold"": 0.5, ""sell"": 0.08000000000000002, ""strongSell"": 0.12}"
INTC,4,0.021779753086419752,"{""strongBuy"": 0.0, ""buy"": 0.06666666666666667, ""hold"": 0.8333333333333334, ""sell"": 0.027777777777777776, ""strongSell"": 0.07222222222222222}","{""strongBuy"": 0.15, ""buy"": 0.1, ""hold"": 0.55, ""sell"": 0.08000000000000002, ""strongSell"": 0.12}",0.030273086419753088,"{""strongBuy"": 0.18, ""buy"": 0.12, ""hold"": 0.5, ""sell"": 0.08000000000000002, ""strongSell"": 0.12}"
MU,4,0.08773564760026299,"{""strongBuy"": 0.19230769230769232, ""buy"": 0.6538461538461539, ""hold"": 0.1282051282051282, ""sell"": 0.0, ""strongSell"": 0.02564102564102564}","{""strongBuy"": 0.18, ""buy"": 0.12, ""hold"": 0.5, ""sell"": 0.08000000000000002, ""strongSell"": 0.12}",0.09444641683103223,"{""strongBuy"": 0.15, ""buy"": 0.1, ""hold"": 0.5, ""sell"": 0.1, ""strongSell"": 0.15}"
CRM,4,0.04853844140392624,"{""strongBuy"": 0.24878048780487805, ""buy"": 0.5024390243902439, ""hold"": 0.22439024390243903, ""sell"": 0.004878048780487805, ""strongSell"": 0.01951219512195122}","{""strongBuy"": 0.18, ""buy"": 0.12, ""hold"": 0.5, ""sell"": 0.08000000000000002, ""strongSell"": 0.12}",0.04853844140392624,"{""strongBuy"": 0.18, ""buy"": 0.12, ""hold"": 0.5, ""sell"": 0.08000000000000002, ""strongSell"": 0.12}"
ORCL,4,0.03432047562425684,"{""strongBuy"": 0.14482758620689656, ""buy"": 0.4827586206896552, ""hold"": 0.3586206896551724, ""sell"": 0.013793103448275862, ""strongSell"": 0.0}","{""strongBuy"": 0.18, ""buy"": 0.12, ""hold"": 0.5, ""sell"": 0.08000000000000002, ""strongSell"": 0.12}",0.03432047562425684,"{""strongBuy"": 0.18, ""buy"": 0.12, ""hold"": 0.5, ""sell"": 0.08000000000000002, ""strongSell"": 0.12}"
IBM,4,0.014607499999999999,"{""strongBuy"": 0.125, ""buy"": 0.3, ""hold"": 0.4125, ""sell"": 0.1125, ""strongSell"": 0.05}","{""strongBuy"": 0.12, ""buy"": 0.08000000000000002, ""hold"": 0.5, ""sell"": 0.12, ""strongSell"": 0.18}",0.0098075,"{""strongBuy"": 0.18, ""buy"": 0.12, ""hold"": 0.5, ""sell"": 0.08000000000000002, ""strongSell"": 0.12}"
CSCO,4,0.011263484224965706,"{""strongBuy"": 0.17592592592592593, ""buy"": 0.32407407407407407, ""hold"": 0.46296296296296297, ""sell"": 0.0, ""strongSell"": 0.037037037037037035}","{""strongBuy"": 0.18, ""buy"": 0.12, ""hold"": 0.5, ""sell"": 0.08000000000000002, ""strongSell"": 0.12}",0.011263484224965706,"{""strongBuy"": 0.18, ""buy"": 0.12, ""hold"": 0.5, ""sell"": 0.08000000000000002, ""strongSell"": 0.12}"
QCOM,4,0.01926038781163435,"{""strongBuy"": 0.17105263157894737, ""buy"": 0.35526315789473684, ""hold"": 0.4473684210526316, ""sell"": 0.02631578947368421, ""strongSell"": 0.0}","{""strongBuy"": 0.15, ""buy"": 0.1, ""hold"": 0.5, ""sell"": 0.1, ""strongSell"": 0.15}",0.01509617728531856,"{""strongBuy"": 0.18, ""buy"": 0.12, ""hold"": 0.5, ""sell"": 0.08000000000000002, ""strongSell"": 0.12}"
TXN,4,0.01024342789129141,"{""strongBuy"": 0.056338028169014086, ""buy"": 0.28169014084507044, ""hold"": 0.5633802816901409, ""sell"": 0.028169014084507043, ""strongSell"": 0.07042253521126761}","{""strongBuy"": 0.12, ""buy"": 0.08000000000000002, ""hold"": 0.6, ""sell"": 0.08000000000000002, ""strongSell"": 0.12}",0.01011948422931958,"{""strongBuy"": 0.18, ""buy"": 0.12, ""hold"": 0.5, ""sell"": 0.08000000000000002, ""strongSell"": 0.12}"
NXPI,4,0.047660652382836795,"{""strongBuy"": 0.21052631578947367, ""buy"": 0.518796992481203, ""hold"": 0.2556390977443609, ""sell"": 0.015037593984962405, ""strongSell"": 0.0}","{""strongBuy"": 0.18, ""buy"": 0.12, ""hold"": 0.5, ""sell"": 0.08000000000000002, ""strongSell"": 0.12}",0.06758847193170897,"{""strongBuy"": 0.12, ""buy"": 0.08000000000000002, ""hold"": 0.6, ""sell"": 0.08000000000000002, ""strongSell"": 0.12}"
V,4,0.07173618864539281,"{""strongBuy"": 0.2875816993464052, ""buy"": 0.5228758169934641, ""hold"": 0.16993464052287582, ""sell"": 0.0, ""strongSell"": 0.0196078431372549}","{""strongBuy"": 0.15, ""buy"": 0.1, ""hold"": 0.55, ""sell"": 0.08000000000000002, ""strongSell"": 0.12}",0.017847038318595417,"{""strongBuy"": 0.39, ""buy"": 0.26, ""hold"": 0.25, ""sell"": 0.04000000000000001, ""strongSell"": 0.06}"
MA,4,0.07456255095332018,"{""strongBuy"": 0.2564102564102564, ""buy"": 0.532051282051282, ""hold"": 0.19230769230769232, ""sell"": 0.0, ""strongSell"": 0.019230769230769232}","{""strongBuy"": 0.15, ""buy"": 0.1, ""hold"": 0.6, ""sell"": 0.06, ""strongSell"": 0.09}",0.019689730440499674,"{""strongBuy"": 0.39, ""buy"": 0.26, ""hold"": 0.25, ""sell"": 0.04000000000000001, ""strongSell"": 0.06}"
GS,4,0.008296030245746693,"{""strongBuy"": 0.2391304347826087, ""buy"": 0.30434782608695654, ""hold"": 0.41304347826086957, ""sell"": 0.0, ""strongSell"": 0.043478260869565216}","{""strongBuy"": 0.21, ""buy"": 0.13999999999999999, ""hold"": 0.45, ""sell"": 0.08000000000000002, ""strongSell"": 0.12}",0.01145950850661626,"{""strongBuy"": 0.18, ""buy"": 0.12, ""hold"": 0.5, ""sell"": 0.08000000000000002, ""strongSell"": 0.12}"
MS,4,0.018036853932584272,"{""strongBuy"": 0.0449438202247191, ""buy"": 0.19101123595505617, ""hold"": 0.7303370786516854, ""sell"": 0.0, ""strongSell"": 0.033707865168539325}","{""strongBuy"": 0.18, ""buy"": 0.12, ""hold"": 0.5, ""sell"": 0.08000000000000002, ""strongSell"": 0.12}",0.018036853932584272,"{""strongBuy"": 0.18, ""buy"": 0.12, ""hold"": 0.5, ""sell"": 0.08000000000000002, ""strongSell"": 0.12}"
WFC,4,0.00744236327899179,"{""strongBuy"": 0.22580645161290322, ""buy"": 0.3763440860215054, ""hold"": 0.3548387096774194, ""sell"": 0.0, ""strongSell"": 0.043010752688172046}","{""strongBuy"": 0.33, ""buy"": 0.22000000000000003, ""hold"": 0.35, ""sell"": 0.04000000000000001, ""strongSell"": 0.06}",0.02024193317146491,"{""strongBuy"": 0.18, ""buy"": 0.12, ""hold"": 0.5, ""sell"": 0.08000000000000002, ""strongSell"": 0.12}"
BLK,2,0.03987753086419753,"{""strongBuy"": 0.2777777777777778, ""buy"": 0.5, ""hold"": 0.2222222222222222, ""sell"": 0.0, ""strongSell"": 0.0}","{""strongBuy"": 0.24, ""buy"": 0.16000000000000003, ""hold"": 0.5, ""sell"": 0.04000000000000001, ""strongSell"": 0.06}",0.07296197530864199,"{""strongBuy"": 0.12, ""buy"": 0.08000000000000002, ""hold"": 0.6, ""sell"": 0.08000000000000002, ""strongSell"": 0.12}"
BX,4,0.01736819944598338,"{""strongBuy"": 0.042105263157894736, ""buy"": 0.30526315789473685, ""hold"": 0.631578947368421, ""sell"": 0.0, ""strongSell"": 0.021052631578947368}","{""strongBuy"": 0.18, ""buy"": 0.12, ""hold"": 0.5, ""sell"": 0.08000000000000002, ""strongSell"": 0.12}",0.01736819944598338,"{""strongBuy"": 0.18, ""buy"": 0.12, ""hold"": 0.5, ""sell"": 0.08000000000000002, ""strongSell"": 0.12}"
KKR,4,0.05096195701874714,"{""strongBuy"": 0.30864197530864196, ""buy"": 0.5185185185185185, ""hold"": 0.16049382716049382, ""sell"": 0.0, ""strongSell"": 0.012345679012345678}","{""strongBuy"": 0.21, ""buy"": 0.13999999999999999, ""hold"": 0.45, ""sell"": 0.08000000000000002, ""strongSell"": 0.12}",0.06890763603109282,"{""strongBuy"": 0.15, ""buy"": 0.1, ""hold"": 0.5, ""sell"": 0.1, ""strongSell"": 0.15}"
C,4,0.0360325,"{""strongBuy"": 0.3, ""buy"": 0.4375, ""hold"": 0.25, ""sell"": 0.0, ""strongSell"": 0.0125}","{""strongBuy"": 0.18, ""buy"": 0.12, ""hold"": 0.4, ""sell"": 0.12, ""strongSell"": 0.18}",0.0391325,"{""strongBuy"": 0.18, ""buy"": 0.12, ""hold"": 0.5, ""sell"": 0.08000000000000002, ""strongSell"": 0.12}"
AXP,4,0.0034075119429869223,"{""strongBuy"": 0.1415929203539823, ""buy"": 0.20353982300884957, ""hold"": 0.5309734513274337, ""sell"": 0.10619469026548672, ""strongSell"": 0.017699115044247787}","{""strongBuy"": 0.21, ""buy"": 0.13999999999999999, ""hold"": 0.5, ""sell"": 0.06, ""strongSell"": 0.09}",0.0058584853943143556,"{""strongBuy"": 0.15, ""buy"": 0.1, ""hold"": 0.5, ""sell"": 0.1, ""strongSell"": 0.15}"
PGR,4,0.0361445986220157,"{""strongBuy"": 0.4050632911392405, ""buy"": 0.24050632911392406, ""hold"": 0.3037974683544304, ""sell"": 0.05063291139240506, ""strongSell"": 0.0}","{""strongBuy"": 0.15, ""buy"": 0.1, ""hold"": 0.6, ""sell"": 0.06, ""strongSell"": 0.09}",0.0237866239384714,"{""strongBuy"": 0.18, ""buy"": 0.12, ""hold"": 0.5, ""sell"": 0.08000000000000002, ""strongSell"": 0.12}"
ALL,4,0.053000000000000005,"{""strongBuy"": 0.35, ""buy"": 0.4, ""hold"": 0.15, ""sell"": 0.05, ""strongSell"": 0.05}","{""strongBuy"": 0.15, ""buy"": 0.1, ""hold"": 0.5, ""sell"": 0.1, ""strongSell"": 0.15}",0.053000000000000005,"{""strongBuy"": 0.15, ""buy"": 0.1, ""hold"": 0.5, ""sell"": 0.1, ""strongSell"": 0.15}"
TRV,4,0.0006000000000000002,"{""strongBuy"": 0.18, ""buy"": 0.15, ""hold"": 0.5, ""sell"": 0.04, ""strongSell"": 0.13}","{""strongBuy"": 0.21, ""buy"": 0.13999999999999999, ""hold"": 0.5, ""sell"": 0.06, ""strongSell"": 0.09}",0.0005200000000000003,"{""strongBuy"": 0.18, ""buy"": 0.12, ""hold"": 0.5, ""sell"": 0.08000000000000002, ""strongSell"": 0.12}"
MET,4,0.054010330057949106,"{""strongBuy"": 0.31746031746031744, ""buy"": 0.4444444444444444, ""hold"": 0.1746031746031746, ""sell"": 0.0, ""strongSell"": 0.06349206349206349}","{""strongBuy"": 0.15, ""buy"": 0.1, ""hold"": 0.5, ""sell"": 0.1, ""strongSell"": 0.15}",0.0479271554547745,"{""strongBuy"": 0.18, ""buy"": 0.12, ""hold"": 0.5, ""sell"": 0.08000000000000002, ""strongSell"": 0.12}"
JNJ,4,0.01682716049382716,"{""strongBuy"": 0.13333333333333333, ""buy"": 0.32222222222222224, ""hold"": 0.5444444444444444, ""sell"": 0.0, ""strongSell"": 0.0}","{""strongBuy"": 0.15, ""buy"": 0.1, ""hold"": 0.5, ""sell"": 0.1, ""strongSell"": 0.15}",0.013169382716049383,"{""strongBuy"": 0.18, ""buy"": 0.12, ""hold"": 0.5, ""sell"": 0.08000000000000002, ""strongSell"": 0.12}"
PFE,4,0.009585373961218838,"{""strongBuy"": 0.12631578947368421, ""buy"": 0.28421052631578947, ""hold"": 0.5473684210526316, ""sell"": 0.042105263157894736, ""strongSell"": 0.0}","{""strongBuy"": 0.18, ""buy"": 0.12, ""hold"": 0.5, ""sell"": 0.08000000000000002, ""strongSell"": 0.12}",0.009585373961218838,"{""strongBuy"": 0.18, ""buy"": 0.12, ""hold"": 0.5, ""sell"": 0.08000000000000002, ""strongSell"": 0.12}"
UNH,4,0.11701107142857144,"{""strongBuy"": 0.24107142857142858, ""buy"": 0.7142857142857143, ""hold"": 0.044642857142857144, ""sell"": 0.0, ""strongSell"": 0.0}","{""strongBuy"": 0.18, ""buy"": 0.12, ""hold"": 0.5, ""sell"": 0.08000000000000002, ""strongSell"": 0.12}",0.061899642857142854,"{""strongBuy"": 0.36, ""buy"": 0.24, ""hold"": 0.3, ""sell"": 0.04000000000000001, ""strongSell"": 0.06}"
MRK,4,0.051767775008899966,"{""strongBuy"": 0.1792452830188679, ""buy"": 0.5, ""hold"": 0.32075471698113206, ""sell"": 0.0, ""strongSell"": 0.0}","{""strongBuy"": 0.12, ""buy"": 0.08000000000000002, ""hold"": 0.5, ""sell"": 0.12, ""strongSell"": 0.18}",0.039465888216447136,"{""strongBuy"": 0.18, ""buy"": 0.12, ""hold"": 0.5, ""sell"": 0.08000000000000002, ""strongSell"": 0.12}"
MDT,4,0.010647316704459557,"{""strongBuy"": 0.14285714285714285, ""buy"": 0.3333333333333333, ""hold"": 0.4603174603174603, ""sell"": 0.031746031746031744, ""strongSell"": 0.031746031746031744}","{""strongBuy"": 0.24, ""buy"": 0.16000000000000003, ""hold"": 0.4, ""sell"": 0.08000000000000002, ""strongSell"": 0.12}",0.01171652305366591,"{""strongBuy"": 0.18, ""buy"": 0.12, ""hold"": 0.5, ""sell"": 0.08000000000000002, ""strongSell"": 0.12}"
DHR,4,0.08492192192192194,"{""strongBuy"": 0.15315315315315314, ""buy"": 0.6486486486486487, ""hold"": 0.1981981981981982, ""sell"": 0.0, ""strongSell"": 0.0}","{""strongBuy"": 0.15, ""buy"": 0.1, ""hold"": 0.5, ""sell"": 0.1, ""strongSell"": 0.15}",0.07841489489489492,"{""strongBuy"": 0.18, ""buy"": 0.12, ""hold"": 0.5, ""sell"": 0.08000000000000002, ""strongSell"": 0.12}"
ABT,4,0.04902074074074075,"{""strongBuy"": 0.28703703703703703, ""buy"": 0.48148148148148145, ""hold"": 0.2037037037037037, ""sell"": 0.0, ""strongSell"": 0.027777777777777776}","{""strongBuy"": 0.21, ""buy"": 0.13999999999999999, ""hold"": 0.55, ""sell"": 0.04000000000000001, ""strongSell"": 0.06}",0.04896444444444445,"{""strongBuy"": 0.18, ""buy"": 0.12, ""hold"": 0.5, ""sell"": 0.08000000000000002, ""strongSell"": 0.12}"
CVX,4,0.03332,"{""strongBuy"": 0.41, ""buy"": 0.32, ""hold"": 0.27, ""sell"": 0.0, ""strongSell"": 0.0}","{""strongBuy"": 0.18, ""buy"": 0.12, ""hold"": 0.5, ""sell"": 0.08000000000000002, ""strongSell"": 0.12}",0.03332,"{""strongBuy"": 0.18, ""buy"": 0.12, ""hold"": 0.5, ""sell"": 0.08000000000000002, ""strongSell"": 0.12}"
COP,4,0.08271709342560554,"{""strongBuy"": 0.4117647058823529, ""buy"": 0.47058823529411764, ""hold"": 0.11764705882352941, ""sell"": 0.0, ""strongSell"": 0.0}","{""strongBuy"": 0.15, ""buy"": 0.1, ""hold"": 0.55, ""sell"": 0.08000000000000002, ""strongSell"": 0.12}",0.06872415224913495,"{""strongBuy"": 0.18, ""buy"": 0.12, ""hold"": 0.5, ""sell"": 0.08000000000000002, ""strongSell"": 0.12}"
EOG,4,0.015798326437853272,"{""strongBuy"": 0.12213740458015267, ""buy"": 0.3893129770992366, ""hold"": 0.48091603053435117, ""sell"": 0.0, ""strongSell"": 0.007633587786259542}","{""strongBuy"": 0.21, ""buy"": 0.13999999999999999, ""hold"": 0.55, ""sell"": 0.04000000000000001, ""strongSell"": 0.06}",0.01905359361342579,"{""strongBuy"": 0.18, ""buy"": 0.12, ""hold"": 0.5, ""sell"": 0.08000000000000002, ""strongSell"": 0.12}"
NEE,4,0.019636082784136897,"{""strongBuy"": 0.26881720430107525, ""buy"": 0.34408602150537637, ""hold"": 0.34408602150537637, ""sell"": 0.043010752688172046, ""strongSell"": 0.0}","{""strongBuy"": 0.18, ""buy"": 0.12, ""hold"": 0.5, ""sell"": 0.08000000000000002, ""strongSell"": 0.12}",0.03462963117123367,"{""strongBuy"": 0.12, ""buy"": 0.08000000000000002, ""hold"": 0.6, ""sell"": 0.08000000000000002, ""strongSell"": 0.12}"
DUK,4,0.011465794848346287,"{""strongBuy"": 0.1111111111111111, ""buy"": 0.345679012345679, ""hold"": 0.5432098765432098, ""sell"": 0.0, ""strongSell"": 0.0}","{""strongBuy"": 0.21, ""buy"": 0.13999999999999999, ""hold"": 0.55, ""sell"": 0.04000000000000001, ""strongSell"": 0.06}",0.019247523243408015,"{""strongBuy"": 0.15, ""buy"": 0.1, ""hold"": 0.5, ""sell"": 0.1, ""strongSell"": 0.15}"
SO,4,0.0032320181405895696,"{""strongBuy"": 0.15476190476190477, ""buy"": 0.19047619047619047, ""hold"": 0.5595238095238095, ""sell"": 0.0, ""strongSell"": 0.09523809523809523}","{""strongBuy"": 0.18, ""buy"": 0.12, ""hold"": 0.5, ""sell"": 0.08000000000000002, ""strongSell"": 0.12}",0.0049501133786848065,"{""strongBuy"": 0.15, ""buy"": 0.1, ""hold"": 0.5, ""sell"": 0.1, ""strongSell"": 0.15}"
AEP,4,0.008868512110726642,"{""strongBuy"": 0.15294117647058825, ""buy"": 0.11764705882352941, ""hold"": 0.6588235294117647, ""sell"": 0.047058823529411764, ""strongSell"": 0.023529411764705882}","{""strongBuy"": 0.15, ""buy"": 0.1, ""hold"": 0.5, ""sell"": 0.1, ""strongSell"": 0.15}",0.008868512110726642,"{""strongBuy"": 0.15, ""buy"": 0.1, ""hold"": 0.5, ""sell"": 0.1, ""strongSell"": 0.15}"
PCG,4,0.011549252077562331,"{""strongBuy"": 0.23684210526315788, ""buy"": 0.4342105263157895, ""hold"": 0.2894736842105263, ""sell"": 0.02631578947368421, ""strongSell"": 0.013157894736842105}","{""strongBuy"": 0.39, ""buy"": 0.26, ""hold"": 0.25, ""sell"": 0.04000000000000001, ""strongSell"": 0.06}",0.03211556786703602,"{""strongBuy"": 0.18, ""buy"": 0.12, ""hold"": 0.5, ""sell"": 0.08000000000000002, ""strongSell"": 0.12}"
PG,4,0.02732489795918367,"{""strongBuy"": 0.14285714285714285, ""buy"": 0.4642857142857143, ""hold"": 0.35714285714285715, ""sell"": 0.0, ""strongSell"": 0.03571428571428571}","{""strongBuy"": 0.21, ""buy"": 0.13999999999999999, ""hold"": 0.5, ""sell"": 0.06, ""strongSell"": 0.09}",0.030764897959183673,"{""strongBuy"": 0.18, ""buy"": 0.12, ""hold"": 0.5, ""sell"": 0.08000000000000002, ""strongSell"": 0.12}"
KO,4,0.05514168396770473,"{""strongBuy"": 0.2647058823529412, ""buy"": 0.5196078431372549, ""hold"": 0.19607843137254902, ""sell"": 0.0, ""strongSell"": 0.0196078431372549}","{""strongBuy"": 0.18, ""buy"": 0.12, ""hold"": 0.5, ""sell"": 0.08000000000000002, ""strongSell"": 0.12}",0.05514168396770473,"{""strongBuy"": 0.18, ""buy"": 0.12, ""hold"": 0.5, ""sell"": 0.08000000000000002, ""strongSell"": 0.12}"
WMT,4,0.08663039529428244,"{""strongBuy"": 0.2958579881656805, ""buy"": 0.5976331360946746, ""hold"": 0.08284023668639054, ""sell"": 0.023668639053254437, ""strongSell"": 0.0}","{""strongBuy"": 0.18, ""buy"": 0.12, ""hold"": 0.5, ""sell"": 0.08000000000000002, ""strongSell"": 0.12}",0.1029144189629215,"{""strongBuy"": 0.12, ""buy"": 0.08000000000000002, ""hold"": 0.5, ""sell"": 0.12, ""strongSell"": 0.18}"
MCD,4,0.03343555555555556,"{""strongBuy"": 0.17333333333333334, ""buy"": 0.44666666666666666, ""hold"": 0.36666666666666664, ""sell"": 0.0, ""strongSell"": 0.013333333333333334}","{""strongBuy"": 0.15, ""buy"": 0.1, ""hold"": 0.5, ""sell"": 0.1, ""strongSell"": 0.15}",0.028462222222222222,"{""strongBuy"": 0.18, ""buy"": 0.12, ""hold"": 0.5, ""sell"": 0.08000000000000002, ""strongSell"": 0.12}"
DIS,4,0.05047366087175611,"{""strongBuy"": 0.20634920634920634, ""buy"": 0.47619047619047616, ""hold"": 0.2857142857142857, ""sell"": 0.031746031746031744, ""strongSell"": 0.0}","{""strongBuy"": 0.15, ""buy"": 0.1, ""hold"": 0.6, ""sell"": 0.06, ""strongSell"": 0.09}",0.038042549760645,"{""strongBuy"": 0.18, ""buy"": 0.12, ""hold"": 0.5, ""sell"": 0.08000000000000002, ""strongSell"": 0.12}"
NKE,4,0.012675629552549425,"{""strongBuy"": 0.12258064516129032, ""buy"": 0.3741935483870968, ""hold"": 0.45161290322580644, ""sell"": 0.025806451612903226, ""strongSell"": 0.025806451612903226}","{""strongBuy"": 0.24, ""buy"": 0.16000000000000003, ""hold"": 0.5, ""sell"": 0.04000000000000001, ""strongSell"": 0.06}",0.016412403746097814,"{""strongBuy"": 0.18, ""buy"": 0.12, ""hold"": 0.5, ""sell"": 0.08000000000000002, ""strongSell"": 0.12}"
SBUX,4,0.013285714285714284,"{""strongBuy"": 0.2, ""buy"": 0.29285714285714287, ""hold"": 0.4, ""sell"": 0.08571428571428572, ""strongSell"": 0.02142857142857143}","{""strongBuy"": 0.15, ""buy"": 0.1, ""hold"": 0.5, ""sell"": 0.1, ""strongSell"": 0.15}",0.020291428571428568,"{""strongBuy"": 0.12, ""buy"": 0.08000000000000002, ""hold"": 0.6, ""sell"": 0.08000000000000002, ""strongSell"": 0.12}"
TGT,4,0.01579035792549306,"{""strongBuy"": 0.08783783783783784, ""buy"": 0.3108108108108108, ""hold"": 0.5743243243243243, ""sell"": 0.0, ""strongSell"": 0.02702702702702703}","{""strongBuy"": 0.15, ""buy"": 0.1, ""hold"": 0.5, ""sell"": 0.1, ""strongSell"": 0.15}",0.013094141709276844,"{""strongBuy"": 0.18, ""buy"": 0.12, ""hold"": 0.5, ""sell"": 0.08000000000000002, ""strongSell"": 0.12}"
PEP,4,0.006751010747494264,"{""strongBuy"": 0.15384615384615385, ""buy"": 0.23076923076923078, ""hold"": 0.5714285714285714, ""sell"": 0.04395604395604396, ""strongSell"": 0.0}","{""strongBuy"": 0.18, ""buy"": 0.12, ""hold"": 0.5, ""sell"": 0.08000000000000002, ""strongSell"": 0.12}",0.006751010747494264,"{""strongBuy"": 0.18, ""buy"": 0.12, ""hold"": 0.5, ""sell"": 0.08000000000000002, ""strongSell"": 0.12}"
KHC,4,0.012203247064764547,"{""strongBuy"": 0.0449438202247191, ""buy"": 0.21348314606741572, ""hold"": 0.6629213483146067, ""sell"": 0.011235955056179775, ""strongSell"": 0.06741573033707865}","{""strongBuy"": 0.18, ""buy"": 0.12, ""hold"": 0.5, ""sell"": 0.08000000000000002, ""strongSell"": 0.12}",0.012203247064764547,"{""strongBuy"": 0.18, ""buy"": 0.12, ""hold"": 0.5, ""sell"": 0.08000000000000002, ""strongSell"": 0.12}"
GIS,4,0.03417190311418685,"{""strongBuy"": 0.1411764705882353, ""buy"": 0.09411764705882353, ""hold"": 0.7529411764705882, ""sell"": 0.011764705882352941, ""strongSell"": 0.0}","{""strongBuy"": 0.18, ""buy"": 0.12, ""hold"": 0.4, ""sell"": 0.12, ""strongSell"": 0.18}",0.008618961937716264,"{""strongBuy"": 0.12, ""buy"": 0.08000000000000002, ""hold"": 0.6, ""sell"": 0.08000000000000002, ""strongSell"": 0.12}"
K,4,0.05627308641975309,"{""strongBuy"": 0.027777777777777776, ""buy"": 0.0, ""hold"": 0.9722222222222222, ""sell"": 0.0, ""strongSell"": 0.0}","{""strongBuy"": 0.18, ""buy"": 0.12, ""hold"": 0.5, ""sell"": 0.08000000000000002, ""strongSell"": 0.12}",0.056939753086419756,"{""strongBuy"": 0.12, ""buy"": 0.08000000000000002, ""hold"": 0.5, ""sell"": 0.12, ""strongSell"": 0.18}"
CAG,4,0.07365845749671605,"{""strongBuy"": 0.1780821917808219, ""buy"": 0.0, ""hold"": 0.821917808219178, ""sell"": 0.0, ""strongSell"": 0.0}","{""strongBuy"": 0.36, ""buy"": 0.24, ""hold"": 0.3, ""sell"": 0.04000000000000001, ""strongSell"": 0.06}",0.027766950647401006,"{""strongBuy"": 0.18, ""buy"": 0.12, ""hold"": 0.5, ""sell"": 0.08000000000000002, ""strongSell"": 0.12}"
TSLA,4,0.015960997229916892,"{""strongBuy"": 0.14210526315789473, ""buy"": 0.29473684210526313, ""hold"": 0.3105263157894737, ""sell"": 0.17894736842105263, ""strongSell"": 0.07368421052631578}","{""strongBuy"": 0.18, ""buy"": 0.12, ""hold"": 0.5, ""sell"": 0.08000000000000002, ""strongSell"": 0.12}",0.015960997229916892,"{""strongBuy"": 0.18, ""buy"": 0.12, ""hold"": 0.5, ""sell"": 0.08000000000000002, ""strongSell"": 0.12}"
F,4,0.0719525536712087,"{""strongBuy"": 0.09900990099009901, ""buy"": 0.1485148514851485, ""hold"": 0.594059405940594, ""sell"": 0.15841584158415842, ""strongSell"": 0.0}","{""strongBuy"": 0.06, ""buy"": 0.04000000000000001, ""hold"": 0.2, ""sell"": 0.27999999999999997, ""strongSell"": 0.42}",0.007353741790020585,"{""strongBuy"": 0.18, ""buy"": 0.12, ""hold"": 0.5, ""sell"": 0.08000000000000002, ""strongSell"": 0.12}"
BA,4,0.029727230010180912,"{""strongBuy"": 0.13274336283185842, ""buy"": 0.4336283185840708, ""hold"": 0.39823008849557523, ""sell"": 0.035398230088495575, ""strongSell"": 0.0}","{""strongBuy"": 0.15, ""buy"": 0.1, ""hold"": 0.5, ""sell"": 0.1, ""strongSell"": 0.15}",0.029727230010180912,"{""strongBuy"": 0.15, ""buy"": 0.1, ""hold"": 0.5, ""sell"": 0.1, ""strongSell"": 0.15}"
RTX,4,0.015214236111111112,"{""strongBuy"": 0.125, ""buy"": 0.3645833333333333, ""hold"": 0.5104166666666666, ""sell"": 0.0, ""strongSell"": 0.0}","{""strongBuy"": 0.18, ""buy"": 0.12, ""hold"": 0.6, ""sell"": 0.04000000000000001, ""strongSell"": 0.06}",0.016750902777777778,"{""strongBuy"": 0.18, ""buy"": 0.12, ""hold"": 0.5, ""sell"": 0.08000000000000002, ""strongSell"": 0.12}"
GE,4,0.12142912464159213,"{""strongBuy"": 0.24675324675324675, ""buy"": 0.6493506493506493, ""hold"": 0.1038961038961039, ""sell"": 0.0, ""strongSell"": 0.0}","{""strongBuy"": 0.12, ""buy"": 0.08000000000000002, ""hold"": 0.6, ""sell"": 0.08000000000000002, ""strongSell"": 0.12}",0.10010912464159216,"{""strongBuy"": 0.15, ""buy"": 0.1, ""hold"": 0.5, ""sell"": 0.1, ""strongSell"": 0.15}"
HON,4,0.015719053254437867,"{""strongBuy"": 0.07692307692307693, ""buy"": 0.36538461538461536, ""hold"": 0.5384615384615384, ""sell"": 0.0, ""strongSell"": 0.019230769230769232}","{""strongBuy"": 0.21, ""buy"": 0.13999999999999999, ""hold"": 0.5, ""sell"": 0.06, ""strongSell"": 0.09}",0.02086982248520709,"{""strongBuy"": 0.15, ""buy"": 0.1, ""hold"": 0.5, ""sell"": 0.1, ""strongSell"": 0.15}"
NFLX,4,0.046608997683662674,"{""strongBuy"": 0.1657754010695187, ""buy"": 0.4919786096256685, ""hold"": 0.2887700534759358, ""sell"": 0.016042780748663103, ""strongSell"": 0.0374331550802139}","{""strongBuy"": 0.15, ""buy"": 0.1, ""hold"": 0.55, ""sell"": 0.08000000000000002, ""strongSell"": 0.12}",0.038819265063341823,"{""strongBuy"": 0.18, ""buy"": 0.12, ""hold"": 0.5, ""sell"": 0.08000000000000002, ""strongSell"": 0.12}"
CMCSA,4,0.021769860885530682,"{""strongBuy"": 0.15126050420168066, ""buy"": 0.37815126050420167, ""hold"": 0.46218487394957986, ""sell"": 0.0, ""strongSell"": 0.008403361344537815}","{""strongBuy"": 0.15, ""buy"": 0.1, ""hold"": 0.5, ""sell"": 0.1, ""strongSell"": 0.15}",0.021769860885530682,"{""strongBuy"": 0.15, ""buy"": 0.1, ""hold"": 0.5, ""sell"": 0.1, ""strongSell"": 0.15}"
CHTR,4,0.017643964497041417,"{""strongBuy"": 0.057692307692307696, ""buy"": 0.3173076923076923, ""hold"": 0.4326923076923077, ""sell"": 0.07692307692307693, ""strongSell"": 0.11538461538461539}","{""strongBuy"": 0.12, ""buy"": 0.08000000000000002, ""hold"": 0.6, ""sell"": 0.08000000000000002, ""strongSell"": 0.12}",0.011690118343195265,"{""strongBuy"": 0.18, ""buy"": 0.12, ""hold"": 0.5, ""sell"": 0.08000000000000002, ""strongSell"": 0.12}"
ROKU,4,0.017780884394209794,"{""strongBuy"": 0.08943089430894309, ""buy"": 0.35772357723577236, ""hold"": 0.4796747967479675, ""sell"": 0.04878048780487805, ""strongSell"": 0.024390243902439025}","{""strongBuy"": 0.15, ""buy"": 0.1, ""hold"": 0.5, ""sell"": 0.1, ""strongSell"": 0.15}",0.017780884394209794,"{""strongBuy"": 0.15, ""buy"": 0.1, ""hold"": 0.5, ""sell"": 0.1, ""strongSell"": 0.15}"
VZ,4,0.007184201183431954,"{""strongBuy"": 0.23076923076923078, ""buy"": 0.22115384615384615, ""hold"": 0.5480769230769231, ""sell"": 0.0, ""strongSell"": 0.0}","{""strongBuy"": 0.18, ""buy"": 0.12, ""hold"": 0.5, ""sell"": 0.08000000000000002, ""strongSell"": 0.12}",0.011202662721893493,"{""strongBuy"": 0.15, ""buy"": 0.1, ""hold"": 0.5, ""sell"": 0.1, ""strongSell"": 0.15}"
TMUS,4,0.04262045918367347,"{""strongBuy"": 0.25892857142857145, ""buy"": 0.41964285714285715, ""hold"": 0.25, ""sell"": 0.03571428571428571, ""strongSell"": 0.03571428571428571}","{""strongBuy"": 0.15, ""buy"": 0.1, ""hold"": 0.55, ""sell"": 0.08000000000000002, ""strongSell"": 0.12}",0.03351617346938775,"{""strongBuy"": 0.18, ""buy"": 0.12, ""hold"": 0.5, ""sell"": 0.08000000000000002, ""strongSell"": 0.12}"
LBRDK,4,0.048806530612244894,"{""strongBuy"": 0.0, ""buy"": 0.42857142857142855, ""hold"": 0.5714285714285714, ""sell"": 0.0, ""strongSell"": 0.0}","{""strongBuy"": 0.36, ""buy"": 0.24, ""hold"": 0.3, ""sell"": 0.04000000000000001, ""strongSell"": 0.06}",0.03756081632653061,"{""strongBuy"": 0.12, ""buy"": 0.08000000000000002, ""hold"": 0.5, ""sell"": 0.12, ""strongSell"": 0.18}"
AMGN,4,0.011983381204333588,"{""strongBuy"": 0.15873015873015872, ""buy"": 0.30158730158730157, ""hold"": 0.4444444444444444, ""sell"": 0.06349206349206349, ""strongSell"": 0.031746031746031744}","{""strongBuy"": 0.15, ""buy"": 0.1, ""hold"": 0.55, ""sell"": 0.08000000000000002, ""strongSell"": 0.12}",0.008914809775762155,"{""strongBuy"": 0.18, ""buy"": 0.12, ""hold"": 0.5, ""sell"": 0.08000000000000002, ""strongSell"": 0.12}"
GILD,4,0.03188274704210457,"{""strongBuy"": 0.14634146341463414, ""buy"": 0.4715447154471545, ""hold"": 0.3821138211382114, ""sell"": 0.0, ""strongSell"": 0.0}","{""strongBuy"": 0.18, ""buy"": 0.12, ""hold"": 0.5, ""sell"": 0.08000000000000002, ""strongSell"": 0.12}",0.03188274704210457,"{""strongBuy"": 0.18, ""buy"": 0.12, ""hold"": 0.5, ""sell"": 0.08000000000000002, ""strongSell"": 0.12}"
BIIB,4,0.02659335846062289,"{""strongBuy"": 0.1619718309859155, ""buy"": 0.38028169014084506, ""hold"": 0.45774647887323944, ""sell"": 0.0, ""strongSell"": 0.0}","{""strongBuy"": 0.12, ""buy"": 0.08000000000000002, ""hold"": 0.6, ""sell"": 0.08000000000000002, ""strongSell"": 0.12}",0.022597302122594715,"{""strongBuy"": 0.15, ""buy"": 0.1, ""hold"": 0.5, ""sell"": 0.1, ""strongSell"": 0.15}"
MRNA,4,0.005684807256235829,"{""strongBuy"": 0.06666666666666667, ""buy"": 0.19047619047619047, ""hold"": 0.5904761904761905, ""sell"": 0.0380952380952381, ""strongSell"": 0.11428571428571428}","{""strongBuy"": 0.15, ""buy"": 0.1, ""hold"": 0.5, ""sell"": 0.1, ""strongSell"": 0.15}",0.00555718820861678,"{""strongBuy"": 0.18, ""buy"": 0.12, ""hold"": 0.5, ""sell"": 0.08000000000000002, ""strongSell"": 0.12}"
REGN,4,0.03699953008187968,"{""strongBuy"": 0.2641509433962264, ""buy"": 0.44339622641509435, ""hold"": 0.25471698113207547, ""sell"": 0.0, ""strongSell"": 0.03773584905660377}","{""strongBuy"": 0.18, ""buy"": 0.12, ""hold"": 0.5, ""sell"": 0.08000000000000002, ""strongSell"": 0.12}",0.03699953008187968,"{""strongBuy"": 0.18, ""buy"": 0.12, ""hold"": 0.5, ""sell"": 0.08000000000000002, ""strongSell"": 0.12}"
ABNB,4,0.01060829312443432,"{""strongBuy"": 0.027932960893854747, ""buy"": 0.24022346368715083, ""hold"": 0.5921787709497207, ""sell"": 0.1005586592178771, ""strongSell"": 0.03910614525139665}","{""strongBuy"": 0.18, ""buy"": 0.12, ""hold"": 0.5, ""sell"": 0.08000000000000002, ""strongSell"": 0.12}",0.01060829312443432,"{""strongBuy"": 0.18, ""buy"": 0.12, ""hold"": 0.5, ""sell"": 0.08000000000000002, ""strongSell"": 0.12}"
UBER,4,0.07954148760330579,"{""strongBuy"": 0.24545454545454545, ""buy"": 0.6136363636363636, ""hold"": 0.1409090909090909, ""sell"": 0.0, ""strongSell"": 0.0}","{""strongBuy"": 0.18, ""buy"": 0.12, ""hold"": 0.5, ""sell"": 0.08000000000000002, ""strongSell"": 0.12}",0.07954148760330579,"{""strongBuy"": 0.18, ""buy"": 0.12, ""hold"": 0.5, ""sell"": 0.08000000000000002, ""strongSell"": 0.12}"
LYFT,4,0.008592684310018903,"{""strongBuy"": 0.10869565217391304, ""buy"": 0.21195652173913043, ""hold"": 0.6739130434782609, ""sell"": 0.005434782608695652, ""strongSell"": 0.0}","{""strongBuy"": 0.12, ""buy"": 0.08000000000000002, ""hold"": 0.6, ""sell"": 0.08000000000000002, ""strongSell"": 0.12}",0.01274920604914934,"{""strongBuy"": 0.18, ""buy"": 0.12, ""hold"": 0.5, ""sell"": 0.08000000000000002, ""strongSell"": 0.12}"
DASH,4,0.027676425037505187,"{""strongBuy"": 0.1807909604519774, ""buy"": 0.480225988700565, ""hold"": 0.3333333333333333, ""sell"": 0.0, ""strongSell"": 0.005649717514124294}","{""strongBuy"": 0.24, ""buy"": 0.16000000000000003, ""hold"": 0.5, ""sell"": 0.04000000000000001, ""strongSell"": 0.06}",0.05089269622394586,"{""strongBuy"": 0.12, ""buy"": 0.08000000000000002, ""hold"": 0.6, ""sell"": 0.08000000000000002, ""strongSell"": 0.12}"
BKNG,4,0.04686222564809932,"{""strongBuy"": 0.15286624203821655, ""buy"": 0.5159235668789809, ""hold"": 0.3248407643312102, ""sell"": 0.0, ""strongSell"": 0.006369426751592357}","{""strongBuy"": 0.15, ""buy"": 0.1, ""hold"": 0.5, ""sell"": 0.1, ""strongSell"": 0.15}",0.04149687532962797,"{""strongBuy"": 0.18, ""buy"": 0.12, ""hold"": 0.5, ""sell"": 0.08000000000000002, ""strongSell"": 0.12}"
TWLO,4,0.01744528890083311,"{""strongBuy"": 0.27049180327868855, ""buy"": 0.3114754098360656, ""hold"": 0.30327868852459017, ""sell"": 0.03278688524590164, ""strongSell"": 0.08196721311475409}","{""strongBuy"": 0.18, ""buy"": 0.12, ""hold"": 0.5, ""sell"": 0.08000000000000002, ""strongSell"": 0.12}",0.01744528890083311,"{""strongBuy"": 0.18, ""buy"": 0.12, ""hold"": 0.5, ""sell"": 0.08000000000000002, ""strongSell"": 0.12}"
NET,4,0.00810204081632653,"{""strongBuy"": 0.17857142857142858, ""buy"": 0.2642857142857143, ""hold"": 0.45, ""sell"": 0.02857142857142857, ""strongSell"": 0.07857142857142857}","{""strongBuy"": 0.15, ""buy"": 0.1, ""hold"": 0.5, ""sell"": 0.1, ""strongSell"": 0.15}",0.005536326530612245,"{""strongBuy"": 0.18, ""buy"": 0.12, ""hold"": 0.5, ""sell"": 0.08000000000000002, ""strongSell"": 0.12}"
ZS,4,0.03208163265306123,"{""strongBuy"": 0.18285714285714286, ""buy"": 0.46285714285714286, ""hold"": 0.3485714285714286, ""sell"": 0.005714285714285714, ""strongSell"": 0.0}","{""strongBuy"": 0.18, ""buy"": 0.12, ""hold"": 0.5, ""sell"": 0.08000000000000002, ""strongSell"": 0.12}",0.03208163265306123,"{""strongBuy"": 0.18, ""buy"": 0.12, ""hold"": 0.5, ""sell"": 0.08000000000000002, ""strongSell"": 0.12}"
OKTA,4,0.010870005948839974,"{""strongBuy"": 0.17073170731707318, ""buy"": 0.3475609756097561, ""hold"": 0.4573170731707317, ""sell"": 0.0, ""strongSell"": 0.024390243902439025}","{""strongBuy"": 0.21, ""buy"": 0.13999999999999999, ""hold"": 0.5, ""sell"": 0.06, ""strongSell"": 0.09}",0.013846591314693632,"{""strongBuy"": 0.18, ""buy"": 0.12, ""hold"": 0.5, ""sell"": 0.08000000000000002, ""strongSell"": 0.12}"
CRWD,4,0.09816109458655561,"{""strongBuy"": 0.24878048780487805, ""buy"": 0.5121951219512195, ""hold"": 0.2048780487804878, ""sell"": 0.01951219512195122, ""strongSell"": 0.014634146341463415}","{""strongBuy"": 0.06, ""buy"": 0.04000000000000001, ""hold"": 0.2, ""sell"": 0.27999999999999997, ""strongSell"": 0.42}",0.019597192147531233,"{""strongBuy"": 0.36, ""buy"": 0.24, ""hold"": 0.3, ""sell"": 0.04000000000000001, ""strongSell"": 0.06}"
NOW,4,0.08551971017268346,"{""strongBuy"": 0.2542372881355932, ""buy"": 0.5932203389830508, ""hold"": 0.11299435028248588, ""sell"": 0.022598870056497175, ""strongSell"": 0.01694915254237288}","{""strongBuy"": 0.15, ""buy"": 0.1, ""hold"": 0.5, ""sell"": 0.1, ""strongSell"": 0.15}",0.07862728079415236,"{""strongBuy"": 0.18, ""buy"": 0.12, ""hold"": 0.5, ""sell"": 0.08000000000000002, ""strongSell"": 0.12}"
TEAM,4,0.0322752,"{""strongBuy"": 0.208, ""buy"": 0.456, ""hold"": 0.336, ""sell"": 0.0, ""strongSell"": 0.0}","{""strongBuy"": 0.18, ""buy"": 0.12, ""hold"": 0.5, ""sell"": 0.08000000000000002, ""strongSell"": 0.12}",0.0322752,"{""strongBuy"": 0.18, ""buy"": 0.12, ""hold"": 0.5, ""sell"": 0.08000000000000002, ""strongSell"": 0.12}"
ZM,4,0.10114288241248867,"{""strongBuy"": 0.058394160583941604, ""buy"": 0.3357664233576642, ""hold"": 0.5547445255474452, ""sell"": 0.021897810218978103, ""strongSell"": 0.029197080291970802}","{""strongBuy"": 0.06, ""buy"": 0.04000000000000001, ""hold"": 0.15, ""sell"": 0.30000000000000004, ""strongSell"": 0.44999999999999996}",0.015192225478182109,"{""strongBuy"": 0.18, ""buy"": 0.12, ""hold"": 0.5, ""sell"": 0.08000000000000002, ""strongSell"": 0.12}"
DOCU,4,0.009839470699432895,"{""strongBuy"": 0.08695652173913043, ""buy"": 0.09782608695652174, ""hold"": 0.6847826086956522, ""sell"": 0.08695652173913043, ""strongSell"": 0.043478260869565216}","{""strongBuy"": 0.18, ""buy"": 0.12, ""hold"": 0.5, ""sell"": 0.08000000000000002, ""strongSell"": 0.12}",0.009839470699432895,"{""strongBuy"": 0.18, ""buy"": 0.12, ""hold"": 0.5, ""sell"": 0.08000000000000002, ""strongSell"": 0.12}"
WDAY,4,0.010080864164191194,"{""strongBuy"": 0.2732919254658385, ""buy"": 0.43478260869565216, ""hold"": 0.2857142857142857, ""sell"": 0.006211180124223602, ""strongSell"": 0.0}","{""strongBuy"": 0.36, ""buy"": 0.24, ""hold"": 0.3, ""sell"": 0.04000000000000001, ""strongSell"": 0.06}",0.03471092627599244,"{""strongBuy"": 0.18, ""buy"": 0.12, ""hold"": 0.5, ""sell"": 0.08000000000000002, ""strongSell"": 0.12}"
