ticker,model_probabilities,mse,yfinance_probabilities,quarterly_reports_found,blind_model_probabilities,blind_mse,cutoff_date,price_at_cutoff,price_date,price_note,price_target,price_target_1m,blind_price_target,blind_price_target_1m,price_target_low,price_target_mid,price_target_high,price_target_1m_low,price_target_1m_mid,price_target_1m_high,blind_price_target_low,blind_price_target_mid,blind_price_target_high,blind_price_target_1m_low,blind_price_target_1m_mid,blind_price_target_1m_high,source_file
AAPL,"{""strongBuy"": 0.21, ""buy"": 0.13999999999999999, ""hold"": 0.5, ""sell"": 0.06, ""strongSell"": 0.09}",0.0304562975778546,"{""strongBuy"": 0.16176470588235295, ""buy"": 0.4632352941176471, ""hold"": 0.29411764705882354, ""sell"": 0.04411764705882353, ""strongSell"": 0.03676470588235294}",4,"{""strongBuy"": 0.18, ""buy"": 0.12, ""hold"": 0.5, ""sell"": 0.08000000000000002, ""strongSell"": 0.12}",0.0337492387543252,2025-03-01,241.83999633789065,2025-02-28,,"{""low"": 240.0, ""mid"": 260.0, ""high"": 280.0}","{""low"": 235.0, ""mid"": 245.0, ""high"": 255.0}","{""low"": 160.0, ""mid"": 180.0, ""high"": 200.0}","{""low"": 145.0, ""mid"": 150.0, ""high"": 155.0}",240.0,260.0,280.0,235.0,245.0,255.0,160.0,180.0,200.0,145.0,150.0,155.0,benchmark_results_20250301_20250331_173153.csv
MSFT,"{""strongBuy"": 0.24, ""buy"": 0.16000000000000003, ""hold"": 0.5, ""sell"": 0.04000000000000001, ""strongSell"": 0.06}",0.0882644897959183,"{""strongBuy"": 0.24, ""buy"": 0.6742857142857143, ""hold"": 0.08571428571428572, ""sell"": 0.0, ""strongSell"": 0.0}",4,"{""strongBuy"": 0.36, ""buy"": 0.24, ""hold"": 0.3, ""sell"": 0.04000000000000001, ""strongSell"": 0.06}",0.0508244897959183,2025-03-01,396.989990234375,2025-02-28,,"{""low"": 480.0, ""mid"": 400.0, ""high"": 410.0}","{""low"": 390.0, ""mid"": 400.0, ""high"": 410.0}","{""low"": 350.0, ""mid"": 400.0, ""high"": 450.0}","{""low"": 320.0, ""mid"": 330.0, ""high"": 340.0}",480.0,400.0,410.0,390.0,400.0,410.0,350.0,400.0,450.0,320.0,330.0,340.0,benchmark_results_20250301_20250331_173153.csv
GOOGL,"{""strongBuy"": 0.39, ""buy"": 0.26, ""hold"": 0.25, ""sell"": 0.04000000000000001, ""strongSell"": 0.06}",0.029306035598271,"{""strongBuy"": 0.22279792746113988, ""buy"": 0.5906735751295337, ""hold"": 0.18652849740932642, ""sell"": 0.0, ""strongSell"": 0.0}",4,"{""strongBuy"": 0.36, ""buy"": 0.24, ""hold"": 0.3, ""sell"": 0.04000000000000001, ""strongSell"": 0.06}",0.0319744293806545,2025-03-01,170.0841064453125,2025-02-28,,"{""low"": 210.0, ""mid"": 220.0, ""high"": 230.0}","{""low"": 180.0, ""mid"": 190.0, ""high"": 200.0}","{""low"": 1400, ""mid"": 1500, ""high"": 1600}","{""low"": 1200, ""mid"": 1250, ""high"": 1300}",210.0,220.0,230.0,180.0,190.0,200.0,1400.0,1500.0,1600.0,1200.0,1250.0,1300.0,benchmark_results_20250301_20250331_173153.csv
AMZN,"{""strongBuy"": 0.39, ""buy"": 0.26, ""hold"": 0.25, ""sell"": 0.04000000000000001, ""strongSell"": 0.06}",0.047286202281082,"{""strongBuy"": 0.2669902912621359, ""buy"": 0.6796116504854369, ""hold"": 0.04854368932038835, ""sell"": 0.0, ""strongSell"": 0.0048543689320388345}",4,"{""strongBuy"": 0.18, ""buy"": 0.12, ""hold"": 0.5, ""sell"": 0.08000000000000002, ""strongSell"": 0.12}",0.1088407653878782,2025-03-01,212.27999877929688,2025-02-28,,"{""low"": 250.0, ""mid"": 270.0, ""high"": 290.0}","{""low"": 220.0, ""mid"": 240.0, ""high"": 260.0}","{""low"": 1450, ""mid"": 1600, ""high"": 1750}","{""low"": 1300, ""mid"": 1350, ""high"": 1400}",250.0,270.0,290.0,220.0,240.0,260.0,1450.0,1600.0,1750.0,1300.0,1350.0,1400.0,benchmark_results_20250301_20250331_173153.csv
META,"{""strongBuy"": 0.24, ""buy"": 0.16000000000000003, ""hold"": 0.5, ""sell"": 0.04000000000000001, ""strongSell"": 0.06}",0.0846726215277777,"{""strongBuy"": 0.19270833333333334, ""buy"": 0.671875, ""hold"": 0.10416666666666667, ""sell"": 0.0, ""strongSell"": 0.03125}",4,"{""strongBuy"": 0.24, ""buy"": 0.16000000000000003, ""hold"": 0.5, ""sell"": 0.04000000000000001, ""strongSell"": 0.06}",0.0846726215277777,2025-03-01,667.6060791015625,2025-02-28,,"{""low"": 750.0, ""mid"": 800.0, ""high"": 850.0}","{""low"": 650.0, ""mid"": 670.0, ""high"": 700.0}","{""low"": 140, ""mid"": 200, ""high"": 250}","{""low"": 150, ""mid"": 170, ""high"": 190}",750.0,800.0,850.0,650.0,670.0,700.0,140.0,200.0,250.0,150.0,170.0,190.0,benchmark_results_20250301_20250331_173153.csv
NVDA,"{""strongBuy"": 0.39, ""buy"": 0.26, ""hold"": 0.25, ""sell"": 0.04000000000000001, ""strongSell"": 0.06}",0.0625610718064571,"{""strongBuy"": 0.18181818181818182, ""buy"": 0.7433155080213903, ""hold"": 0.0748663101604278, ""sell"": 0.0, ""strongSell"": 0.0}",4,"{""strongBuy"": 0.36, ""buy"": 0.24, ""hold"": 0.3, ""sell"": 0.04000000000000001, ""strongSell"": 0.06}",0.0681920878492378,2025-03-01,124.90850830078124,2025-02-28,,"{""low"": 160.0, ""mid"": 171.01, ""high"": 185.0}","{""low"": 130.0, ""mid"": 140.0, ""high"": 150.0}","{""low"": 500.0, ""mid"": 600.0, ""high"": 700.0}","{""low"": 450.0, ""mid"": 475.0, ""high"": 500.0}",160.0,171.01,185.0,130.0,140.0,150.0,500.0,600.0,700.0,450.0,475.0,500.0,benchmark_results_20250301_20250331_173153.csv
AMD,"{""strongBuy"": 0.39, ""buy"": 0.26, ""hold"": 0.25, ""sell"": 0.04000000000000001, ""strongSell"": 0.06}",0.026916151524706,"{""strongBuy"": 0.15436241610738255, ""buy"": 0.5302013422818792, ""hold"": 0.2953020134228188, ""sell"": 0.020134228187919462, ""strongSell"": 0.0}",4,"{""strongBuy"": 0.36, ""buy"": 0.24, ""hold"": 0.3, ""sell"": 0.04000000000000001, ""strongSell"": 0.06}",0.0261040709877933,2025-03-01,99.86000061035156,2025-02-28,,"{""low"": 0.0, ""mid"": 115.0, ""high"": 125.0}","{""low"": 105.0, ""mid"": 115.0, ""high"": 125.0}","{""low"": 100.0, ""mid"": 120.0, ""high"": 140.0}","{""low"": 85.0, ""mid"": 90.0, ""high"": 95.0}",0.0,115.0,125.0,105.0,115.0,125.0,100.0,120.0,140.0,85.0,90.0,95.0,benchmark_results_20250301_20250331_173153.csv
INTC,"{""strongBuy"": 0.15, ""buy"": 0.1, ""hold"": 0.5, ""sell"": 0.1, ""strongSell"": 0.15}",0.0320064602361327,"{""strongBuy"": 0.0, ""buy"": 0.05970149253731343, ""hold"": 0.8507462686567164, ""sell"": 0.022388059701492536, ""strongSell"": 0.06716417910447761}",4,"{""strongBuy"": 0.18, ""buy"": 0.12, ""hold"": 0.5, ""sell"": 0.08000000000000002, ""strongSell"": 0.12}",0.0330339229226999,2025-03-01,23.729999542236328,2025-02-28,,"{""low"": 20.0, ""mid"": 23.0, ""high"": 24.0}","{""low"": 22.0, ""mid"": 23.0, ""high"": 24.0}","{""low"": 35.0, ""mid"": 40.0, ""high"": 45.0}","{""low"": 28.0, ""mid"": 30.0, ""high"": 32.0}",20.0,23.0,24.0,22.0,23.0,24.0,35.0,40.0,45.0,28.0,30.0,32.0,benchmark_results_20250301_20250331_173153.csv
MU,"{""strongBuy"": 0.36, ""buy"": 0.24, ""hold"": 0.3, ""sell"": 0.04000000000000001, ""strongSell"": 0.06}",0.0473380612170355,"{""strongBuy"": 0.18803418803418803, ""buy"": 0.6581196581196581, ""hold"": 0.1282051282051282, ""sell"": 0.0, ""strongSell"": 0.02564102564102564}",4,"{""strongBuy"": 0.18, ""buy"": 0.12, ""hold"": 0.5, ""sell"": 0.08000000000000002, ""strongSell"": 0.12}",0.0886344714734458,2025-03-01,93.62999725341795,2025-02-28,,"{""low"": 120.0, ""mid"": 100.0, ""high"": 105.0}","{""low"": 95.0, ""mid"": 100.0, ""high"": 105.0}","{""low"": 45.0, ""mid"": 60.0, ""high"": 75.0}","{""low"": 50.0, ""mid"": 55.0, ""high"": 60.0}",120.0,100.0,105.0,95.0,100.0,105.0,45.0,60.0,75.0,50.0,55.0,60.0,benchmark_results_20250301_20250331_173153.csv
CRM,"{""strongBuy"": 0.15, ""buy"": 0.1, ""hold"": 0.5, ""sell"": 0.1, ""strongSell"": 0.15}",0.0570304709141274,"{""strongBuy"": 0.24342105263157895, ""buy"": 0.5131578947368421, ""hold"": 0.21710526315789475, ""sell"": 0.006578947368421052, ""strongSell"": 0.019736842105263157}",4,"{""strongBuy"": 0.24, ""buy"": 0.16000000000000003, ""hold"": 0.5, ""sell"": 0.04000000000000001, ""strongSell"": 0.06}",0.0414999445983379,2025-03-01,297.8500061035156,2025-02-28,,"{""low"": 375.0, ""mid"": 400.0, ""high"": 425.0}","{""low"": 310.0, ""mid"": 330.0, ""high"": 350.0}","{""low"": 200.0, ""mid"": 225.0, ""high"": 250.0}","{""low"": 170.0, ""mid"": 180.0, ""high"": 190.0}",375.0,400.0,425.0,310.0,330.0,350.0,200.0,225.0,250.0,170.0,180.0,190.0,benchmark_results_20250301_20250331_173153.csv
ADBE,"{""strongBuy"": 0.15, ""buy"": 0.1, ""hold"": 0.5, ""sell"": 0.1, ""strongSell"": 0.15}",0.0396527787585622,"{""strongBuy"": 0.2184873949579832, ""buy"": 0.453781512605042, ""hold"": 0.2857142857142857, ""sell"": 0.01680672268907563, ""strongSell"": 0.025210084033613446}",4,"{""strongBuy"": 0.18, ""buy"": 0.12, ""hold"": 0.5, ""sell"": 0.08000000000000002, ""strongSell"": 0.12}",0.034357652708142,2025-03-01,438.55999755859375,2025-02-28,,"{""low"": 500, ""mid"": 523, ""high"": 550}","{""low"": 420, ""mid"": 440, ""high"": 460}","{""low"": 450.0, ""mid"": 520.0, ""high"": 580.0}","{""low"": 460.0, ""mid"": 480.0, ""high"": 500.0}",500.0,523.0,550.0,420.0,440.0,460.0,450.0,520.0,580.0,460.0,480.0,500.0,benchmark_results_20250301_20250331_173153.csv
ORCL,"{""strongBuy"": 0.24, ""buy"": 0.16000000000000003, ""hold"": 0.5, ""sell"": 0.04000000000000001, ""strongSell"": 0.06}",0.0290948760330578,"{""strongBuy"": 0.13636363636363635, ""buy"": 0.4909090909090909, ""hold"": 0.35454545454545455, ""sell"": 0.01818181818181818, ""strongSell"": 0.0}",4,"{""strongBuy"": 0.18, ""buy"": 0.12, ""hold"": 0.5, ""sell"": 0.08000000000000002, ""strongSell"": 0.12}",0.0357712396694214,2025-03-01,166.05999755859375,2025-02-28,,"{""low"": 180.0, ""mid"": 172.0, ""high"": 176.0}","{""low"": 168.0, ""mid"": 172.0, ""high"": 176.0}","{""low"": 90.0, ""mid"": 100.0, ""high"": 110.0}","{""low"": 85.0, ""mid"": 90.0, ""high"": 95.0}",180.0,172.0,176.0,168.0,172.0,176.0,90.0,100.0,110.0,85.0,90.0,95.0,benchmark_results_20250301_20250331_173153.csv
IBM,"{""strongBuy"": 0.24, ""buy"": 0.16000000000000003, ""hold"": 0.5, ""sell"": 0.04000000000000001, ""strongSell"": 0.06}",0.0092892448266594,"{""strongBuy"": 0.13114754098360656, ""buy"": 0.3114754098360656, ""hold"": 0.4098360655737705, ""sell"": 0.09836065573770492, ""strongSell"": 0.04918032786885246}",4,"{""strongBuy"": 0.18, ""buy"": 0.12, ""hold"": 0.5, ""sell"": 0.08000000000000002, ""strongSell"": 0.12}",0.0105062940069873,2025-03-01,252.44000244140625,2025-02-28,,"{""low"": 260, ""mid"": 270, ""high"": 280}","{""low"": 250, ""mid"": 254, ""high"": 258}","{""low"": 140.0, ""mid"": 160.0, ""high"": 180.0}","{""low"": 145.0, ""mid"": 150.0, ""high"": 155.0}",260.0,270.0,280.0,250.0,254.0,258.0,140.0,160.0,180.0,145.0,150.0,155.0,benchmark_results_20250301_20250331_173153.csv
CSCO,"{""strongBuy"": 0.21, ""buy"": 0.13999999999999999, ""hold"": 0.5, ""sell"": 0.06, ""strongSell"": 0.09}",0.009955,"{""strongBuy"": 0.1875, ""buy"": 0.3375, ""hold"": 0.4375, ""sell"": 0.0, ""strongSell"": 0.0375}",4,"{""strongBuy"": 0.18, ""buy"": 0.12, ""hold"": 0.5, ""sell"": 0.08000000000000002, ""strongSell"": 0.12}",0.012895,2025-03-01,64.11000061035156,2025-02-28,,"{""low"": 72.0, ""mid"": 70.0, ""high"": 75.0}","{""low"": 65.0, ""mid"": 70.0, ""high"": 75.0}","{""low"": 50.0, ""mid"": 60.0, ""high"": 70.0}","{""low"": 52.0, ""mid"": 54.0, ""high"": 56.0}",72.0,70.0,75.0,65.0,70.0,75.0,50.0,60.0,70.0,52.0,54.0,56.0,benchmark_results_20250301_20250331_173153.csv
AVGO,"{""strongBuy"": 0.15, ""buy"": 0.1, ""hold"": 0.5, ""sell"": 0.1, ""strongSell"": 0.15}",0.1085359001040583,"{""strongBuy"": 0.1774193548387097, ""buy"": 0.7016129032258065, ""hold"": 0.11290322580645161, ""sell"": 0.0, ""strongSell"": 0.008064516129032258}",4,"{""strongBuy"": 0.36, ""buy"": 0.24, ""hold"": 0.3, ""sell"": 0.04000000000000001, ""strongSell"": 0.06}",0.0571449323621228,2025-03-01,198.8283538818359,2025-02-28,,"{""low"": 230.0, ""mid"": 200.0, ""high"": 210.0}","{""low"": 190.0, ""mid"": 200.0, ""high"": 210.0}","{""low"": 850, ""mid"": 900, ""high"": 950}","{""low"": 800, ""mid"": 830, ""high"": 860}",230.0,200.0,210.0,190.0,200.0,210.0,850.0,900.0,950.0,800.0,830.0,860.0,benchmark_results_20250301_20250331_173153.csv
QCOM,"{""strongBuy"": 0.36, ""buy"": 0.24, ""hold"": 0.3, ""sell"": 0.04000000000000001, ""strongSell"": 0.06}",0.0152965087320855,"{""strongBuy"": 0.168141592920354, ""buy"": 0.35398230088495575, ""hold"": 0.45132743362831856, ""sell"": 0.02654867256637168, ""strongSell"": 0.0}",4,"{""strongBuy"": 0.24, ""buy"": 0.16000000000000003, ""hold"": 0.5, ""sell"": 0.04000000000000001, ""strongSell"": 0.06}",0.0097885441303156,2025-03-01,156.3270721435547,2025-02-28,,"{""low"": 210.0, ""mid"": 220.0, ""high"": 230.0}","{""low"": 180.0, ""mid"": 190.0, ""high"": 200.0}","{""low"": 100.0, ""mid"": 120.0, ""high"": 140.0}","{""low"": 110.0, ""mid"": 115.0, ""high"": 120.0}",210.0,220.0,230.0,180.0,190.0,200.0,100.0,120.0,140.0,110.0,115.0,120.0,benchmark_results_20250301_20250331_173153.csv
TXN,"{""strongBuy"": 0.36, ""buy"": 0.24, ""hold"": 0.3, ""sell"": 0.04000000000000001, ""strongSell"": 0.06}",0.0329698540405838,"{""strongBuy"": 0.05660377358490566, ""buy"": 0.2830188679245283, ""hold"": 0.5660377358490566, ""sell"": 0.02830188679245283, ""strongSell"": 0.0660377358490566}",4,"{""strongBuy"": 0.24, ""buy"": 0.16000000000000003, ""hold"": 0.5, ""sell"": 0.04000000000000001, ""strongSell"": 0.06}",0.0106604200783196,2025-03-01,195.9900054931641,2025-02-28,,"{""low"": 210.0, ""mid"": 220.0, ""high"": 230.0}","{""low"": 198.0, ""mid"": 204.7, ""high"": 210.0}","{""low"": 140.0, ""mid"": 165.0, ""high"": 190.0}","{""low"": 150.0, ""mid"": 160.0, ""high"": 170.0}",210.0,220.0,230.0,198.0,204.7,210.0,140.0,165.0,190.0,150.0,160.0,170.0,benchmark_results_20250301_20250331_173153.csv
NXPI,"{""strongBuy"": 0.36, ""buy"": 0.24, ""hold"": 0.3, ""sell"": 0.04000000000000001, ""strongSell"": 0.06}",0.02412,"{""strongBuy"": 0.21, ""buy"": 0.54, ""hold"": 0.24, ""sell"": 0.01, ""strongSell"": 0.0}",4,"{""strongBuy"": 0.36, ""buy"": 0.24, ""hold"": 0.3, ""sell"": 0.04000000000000001, ""strongSell"": 0.06}",0.02412,2025-03-01,214.5344390869141,2025-02-28,,"{""low"": 250, ""mid"": 255, ""high"": 260}","{""low"": 220, ""mid"": 230, ""high"": 240}","{""low"": 170.0, ""mid"": 200.0, ""high"": 220.0}","{""low"": 160.0, ""mid"": 170.0, ""high"": 180.0}",250.0,255.0,260.0,220.0,230.0,240.0,170.0,200.0,220.0,160.0,170.0,180.0,benchmark_results_20250301_20250331_173153.csv
PYPL,"{""strongBuy"": 0.36, ""buy"": 0.24, ""hold"": 0.3, ""sell"": 0.04000000000000001, ""strongSell"": 0.06}",0.0187727155268433,"{""strongBuy"": 0.15671641791044777, ""buy"": 0.3656716417910448, ""hold"": 0.47761194029850745, ""sell"": 0.0, ""strongSell"": 0.0}",4,"{""strongBuy"": 0.18, ""buy"": 0.12, ""hold"": 0.5, ""sell"": 0.08000000000000002, ""strongSell"": 0.12}",0.0164395811984851,2025-03-01,71.05000305175781,2025-02-28,,"{""low"": 90.0, ""mid"": 95.0, ""high"": 100.0}","{""low"": 75.0, ""mid"": 80.0, ""high"": 85.0}","{""low"": 70.0, ""mid"": 90.0, ""high"": 110.0}","{""low"": 75.0, ""mid"": 80.0, ""high"": 85.0}",90.0,95.0,100.0,75.0,80.0,85.0,70.0,90.0,110.0,75.0,80.0,85.0,benchmark_results_20250301_20250331_173153.csv
V,"{""strongBuy"": 0.39, ""buy"": 0.26, ""hold"": 0.3, ""sell"": 0.020000000000000004, ""strongSell"": 0.03}",0.0203274238227146,"{""strongBuy"": 0.2894736842105263, ""buy"": 0.5263157894736842, ""hold"": 0.15789473684210525, ""sell"": 0.0, ""strongSell"": 0.02631578947368421}",4,"{""strongBuy"": 0.42, ""buy"": 0.27999999999999997, ""hold"": 0.2, ""sell"": 0.04000000000000001, ""strongSell"": 0.06}",0.0164432132963988,2025-03-01,362.7099914550781,2025-02-28,,"{""low"": 370, ""mid"": 388, ""high"": 405}","{""low"": 360, ""mid"": 375, ""high"": 390}","{""low"": 220.0, ""mid"": 260.0, ""high"": 300.0}","{""low"": 230.0, ""mid"": 240.0, ""high"": 250.0}",370.0,388.0,405.0,360.0,375.0,390.0,220.0,260.0,300.0,230.0,240.0,250.0,benchmark_results_20250301_20250331_173153.csv
MA,"{""strongBuy"": 0.15, ""buy"": 0.1, ""hold"": 0.5, ""sell"": 0.1, ""strongSell"": 0.15}",0.0631753232522463,"{""strongBuy"": 0.2564102564102564, ""buy"": 0.5299145299145299, ""hold"": 0.19658119658119658, ""sell"": 0.0, ""strongSell"": 0.017094017094017096}",4,"{""strongBuy"": 0.36, ""buy"": 0.24, ""hold"": 0.3, ""sell"": 0.04000000000000001, ""strongSell"": 0.06}",0.0217835283804514,2025-03-01,576.3099975585938,2025-02-28,,"{""low"": 600.0, ""mid"": 590.0, ""high"": 610.0}","{""low"": 570.0, ""mid"": 590.0, ""high"": 610.0}","{""low"": 380.0, ""mid"": 400.0, ""high"": 420.0}","{""low"": 350.0, ""mid"": 360.0, ""high"": 370.0}",600.0,590.0,610.0,570.0,590.0,610.0,380.0,400.0,420.0,350.0,360.0,370.0,benchmark_results_20250301_20250331_173153.csv
ZM,"{""strongBuy"": 0.06, ""buy"": 0.04000000000000001, ""hold"": 0.3, ""sell"": 0.24, ""strongSell"": 0.36}",0.0625495266272189,"{""strongBuy"": 0.057692307692307696, ""buy"": 0.33653846153846156, ""hold"": 0.5576923076923077, ""sell"": 0.019230769230769232, ""strongSell"": 0.028846153846153848}",4,"{""strongBuy"": 0.18, ""buy"": 0.12, ""hold"": 0.5, ""sell"": 0.08000000000000002, ""strongSell"": 0.12}",0.0154356804733727,2025-03-01,73.69999694824219,2025-02-28,,"{""low"": 85.0, ""mid"": 91.08, ""high"": 95.0}","{""low"": 70.0, ""mid"": 73.0, ""high"": 76.0}","{""low"": 60.0, ""mid"": 85.0, ""high"": 100.0}","{""low"": 70.0, ""mid"": 75.0, ""high"": 80.0}",85.0,91.08,95.0,70.0,73.0,76.0,60.0,85.0,100.0,70.0,75.0,80.0,benchmark_results_20250301_20250331_173153.csv
CRWD,"{""strongBuy"": 0.18, ""buy"": 0.12, ""hold"": 0.5, ""sell"": 0.08000000000000002, ""strongSell"": 0.12}",0.0506736588491605,"{""strongBuy"": 0.24836601307189543, ""buy"": 0.5098039215686274, ""hold"": 0.21568627450980393, ""sell"": 0.013071895424836602, ""strongSell"": 0.013071895424836602}",4,"{""strongBuy"": 0.36, ""buy"": 0.24, ""hold"": 0.3, ""sell"": 0.04000000000000001, ""strongSell"": 0.06}",0.0190584954504677,2025-03-01,389.6600036621094,2025-02-28,,"{""low"": 390.0, ""mid"": 400.0, ""high"": 420.0}","{""low"": 380.0, ""mid"": 400.0, ""high"": 420.0}","{""low"": 200.0, ""mid"": 220.0, ""high"": 240.0}","{""low"": 160.0, ""mid"": 170.0, ""high"": 180.0}",390.0,400.0,420.0,380.0,400.0,420.0,200.0,220.0,240.0,160.0,170.0,180.0,benchmark_results_20250301_20250331_173153.csv
F,"{""strongBuy"": 0.36, ""buy"": 0.24, ""hold"": 0.3, ""sell"": 0.04000000000000001, ""strongSell"": 0.06}",0.0383054847645429,"{""strongBuy"": 0.09210526315789473, ""buy"": 0.14473684210526316, ""hold"": 0.6052631578947368, ""sell"": 0.15789473684210525, ""strongSell"": 0.0}",4,"{""strongBuy"": 0.18, ""buy"": 0.12, ""hold"": 0.5, ""sell"": 0.08000000000000002, ""strongSell"": 0.12}",0.0079770637119113,2025-03-01,9.550000190734863,2025-02-28,,"{""low"": 10.0, ""mid"": 10.0, ""high"": 10.25}","{""low"": 9.75, ""mid"": 10.0, ""high"": 10.25}","{""low"": 10.0, ""mid"": 14.0, ""high"": 18.0}","{""low"": 12.0, ""mid"": 13.5, ""high"": 15.0}",10.0,10.0,10.25,9.75,10.0,10.25,10.0,14.0,18.0,12.0,13.5,15.0,benchmark_results_20250301_20250331_173153.csv
JPM,"{""strongBuy"": 0.21, ""buy"": 0.13999999999999999, ""hold"": 0.5, ""sell"": 0.06, ""strongSell"": 0.09}",0.0145452383952951,"{""strongBuy"": 0.30434782608695654, ""buy"": 0.30434782608695654, ""hold"": 0.3188405797101449, ""sell"": 0.043478260869565216, ""strongSell"": 0.028985507246376812}",4,"{""strongBuy"": 0.24, ""buy"": 0.16000000000000003, ""hold"": 0.5, ""sell"": 0.04000000000000001, ""strongSell"": 0.06}",0.011753934047469,2025-03-01,264.6499938964844,2025-02-28,,"{""low"": 260, ""mid"": 280, ""high"": 300}","{""low"": 255, ""mid"": 265, ""high"": 275}","{""low"": 125.0, ""mid"": 150.0, ""high"": 160.0}","{""low"": 130.0, ""mid"": 135.0, ""high"": 140.0}",260.0,280.0,300.0,255.0,265.0,275.0,125.0,150.0,160.0,130.0,135.0,140.0,benchmark_results_20250301_20250331_174449.csv
BAC,"{""strongBuy"": 0.18, ""buy"": 0.12, ""hold"": 0.5, ""sell"": 0.08000000000000002, ""strongSell"": 0.12}",0.0628147658402204,"{""strongBuy"": 0.3181818181818182, ""buy"": 0.5151515151515151, ""hold"": 0.15151515151515152, ""sell"": 0.0, ""strongSell"": 0.015151515151515152}",4,"{""strongBuy"": 0.18, ""buy"": 0.12, ""hold"": 0.5, ""sell"": 0.08000000000000002, ""strongSell"": 0.12}",0.0628147658402204,2025-03-01,45.81089782714844,2025-02-28,,"{""low"": 51.0, ""mid"": 48.0, ""high"": 50.0}","{""low"": 46.0, ""mid"": 48.0, ""high"": 50.0}","{""low"": 28.0, ""mid"": 36.0, ""high"": 40.0}","{""low"": 30.0, ""mid"": 32.0, ""high"": 34.0}",51.0,48.0,50.0,46.0,48.0,50.0,28.0,36.0,40.0,30.0,32.0,34.0,benchmark_results_20250301_20250331_174449.csv
GS,"{""strongBuy"": 0.39, ""buy"": 0.26, ""hold"": 0.25, ""sell"": 0.04000000000000001, ""strongSell"": 0.06}",0.012381911363159,"{""strongBuy"": 0.2318840579710145, ""buy"": 0.2898550724637681, ""hold"": 0.43478260869565216, ""sell"": 0.0, ""strongSell"": 0.043478260869565216}",4,"{""strongBuy"": 0.18, ""buy"": 0.12, ""hold"": 0.5, ""sell"": 0.08000000000000002, ""strongSell"": 0.12}",0.0096103171602604,2025-03-01,622.2899780273438,2025-02-28,,"{""low"": 640, ""mid"": 670, ""high"": 700}","{""low"": 620, ""mid"": 635, ""high"": 650}","{""low"": 300.0, ""mid"": 360.0, ""high"": 420.0}","{""low"": 320.0, ""mid"": 335.0, ""high"": 350.0}",640.0,670.0,700.0,620.0,635.0,650.0,300.0,360.0,420.0,320.0,335.0,350.0,benchmark_results_20250301_20250331_174449.csv
MS,"{""strongBuy"": 0.12, ""buy"": 0.08000000000000002, ""hold"": 0.5, ""sell"": 0.12, ""strongSell"": 0.18}",0.0223005325987144,"{""strongBuy"": 0.045454545454545456, ""buy"": 0.18181818181818182, ""hold"": 0.7424242424242424, ""sell"": 0.0, ""strongSell"": 0.030303030303030304}",4,"{""strongBuy"": 0.18, ""buy"": 0.12, ""hold"": 0.5, ""sell"": 0.08000000000000002, ""strongSell"": 0.12}",0.0190278053259871,2025-03-01,133.11000061035156,2025-02-28,,"{""low"": 125.0, ""mid"": 135.39, ""high"": 145.0}","{""low"": 130.0, ""mid"": 135.39, ""high"": 140.0}","{""low"": 82.0, ""mid"": 95.0, ""high"": 110.0}","{""low"": 80.0, ""mid"": 85.0, ""high"": 90.0}",125.0,135.39,145.0,130.0,135.39,140.0,82.0,95.0,110.0,80.0,85.0,90.0,benchmark_results_20250301_20250331_174449.csv
WFC,"{""strongBuy"": 0.18, ""buy"": 0.12, ""hold"": 0.5, ""sell"": 0.08000000000000002, ""strongSell"": 0.12}",0.0232662717916404,"{""strongBuy"": 0.2318840579710145, ""buy"": 0.391304347826087, ""hold"": 0.3333333333333333, ""sell"": 0.0, ""strongSell"": 0.043478260869565216}",4,"{""strongBuy"": 0.18, ""buy"": 0.12, ""hold"": 0.5, ""sell"": 0.08000000000000002, ""strongSell"": 0.12}",0.0232662717916404,2025-03-01,78.31999969482422,2025-02-28,,"{""low"": 80.0, ""mid"": 83.1, ""high"": 86.5}","{""low"": 76.0, ""mid"": 78.5, ""high"": 81.0}","{""low"": 42.0, ""mid"": 48.0, ""high"": 54.0}","{""low"": 41.0, ""mid"": 43.0, ""high"": 45.0}",80.0,83.1,86.5,76.0,78.5,81.0,42.0,48.0,54.0,41.0,43.0,45.0,benchmark_results_20250301_20250331_174449.csv
BLK,"{""strongBuy"": 0.36, ""buy"": 0.24, ""hold"": 0.3, ""sell"": 0.04000000000000001, ""strongSell"": 0.06}",0.0171219753086419,"{""strongBuy"": 0.2777777777777778, ""buy"": 0.5, ""hold"": 0.2222222222222222, ""sell"": 0.0, ""strongSell"": 0.0}",2,"{""strongBuy"": 0.18, ""buy"": 0.12, ""hold"": 0.5, ""sell"": 0.08000000000000002, ""strongSell"": 0.12}",0.0503841975308642,2025-03-01,972.4714965820312,2025-02-28,,"{""low"": 1150.0, ""mid"": 1050.0, ""high"": 1080.0}","{""low"": 1025.0, ""mid"": 1050.0, ""high"": 1080.0}","{""low"": 600.0, ""mid"": 720.0, ""high"": 800.0}","{""low"": 650.0, ""mid"": 670.0, ""high"": 700.0}",1150.0,1050.0,1080.0,1025.0,1050.0,1080.0,600.0,720.0,800.0,650.0,670.0,700.0,benchmark_results_20250301_20250331_174449.csv
BX,"{""strongBuy"": 0.39, ""buy"": 0.26, ""hold"": 0.25, ""sell"": 0.04000000000000001, ""strongSell"": 0.06}",0.0548852767308073,"{""strongBuy"": 0.04225352112676056, ""buy"": 0.30985915492957744, ""hold"": 0.6338028169014085, ""sell"": 0.0, ""strongSell"": 0.014084507042253521}",4,"{""strongBuy"": 0.18, ""buy"": 0.12, ""hold"": 0.5, ""sell"": 0.08000000000000002, ""strongSell"": 0.12}",0.0181083753223566,2025-03-01,161.16000366210938,2025-02-28,,"{""low"": 175.0, ""mid"": 172.0, ""high"": 180.0}","{""low"": 165.0, ""mid"": 172.0, ""high"": 180.0}","{""low"": 90.0, ""mid"": 110.0, ""high"": 130.0}","{""low"": 95.0, ""mid"": 100.0, ""high"": 105.0}",175.0,172.0,180.0,165.0,172.0,180.0,90.0,110.0,130.0,95.0,100.0,105.0,benchmark_results_20250301_20250331_174449.csv
KKR,"{""strongBuy"": 0.39, ""buy"": 0.26, ""hold"": 0.25, ""sell"": 0.04000000000000001, ""strongSell"": 0.06}",0.0157353077129803,"{""strongBuy"": 0.3114754098360656, ""buy"": 0.5081967213114754, ""hold"": 0.16393442622950818, ""sell"": 0.0, ""strongSell"": 0.01639344262295082}",4,"{""strongBuy"": 0.18, ""buy"": 0.12, ""hold"": 0.5, ""sell"": 0.08000000000000002, ""strongSell"": 0.12}",0.0596113732867508,2025-03-01,135.58999633789062,2025-02-28,,"{""low"": 160.0, ""mid"": 150.0, ""high"": 160.0}","{""low"": 140.0, ""mid"": 150.0, ""high"": 160.0}","{""low"": 52.0, ""mid"": 60.0, ""high"": 68.0}","{""low"": 50.0, ""mid"": 53.0, ""high"": 56.0}",160.0,150.0,160.0,140.0,150.0,160.0,52.0,60.0,68.0,50.0,53.0,56.0,benchmark_results_20250301_20250331_174449.csv
C,"{""strongBuy"": 0.39, ""buy"": 0.26, ""hold"": 0.25, ""sell"": 0.04000000000000001, ""strongSell"": 0.06}",0.0095911111111111,"{""strongBuy"": 0.3, ""buy"": 0.45, ""hold"": 0.23333333333333334, ""sell"": 0.0, ""strongSell"": 0.016666666666666666}",4,"{""strongBuy"": 0.18, ""buy"": 0.12, ""hold"": 0.5, ""sell"": 0.08000000000000002, ""strongSell"": 0.12}",0.0422977777777777,2025-03-01,79.94999694824219,2025-02-28,,"{""low"": 88.0, ""mid"": 86.0, ""high"": 90.0}","{""low"": 82.0, ""mid"": 86.0, ""high"": 90.0}","{""low"": 45.0, ""mid"": 55.0, ""high"": 65.0}","{""low"": 43.0, ""mid"": 46.0, ""high"": 49.0}",88.0,86.0,90.0,82.0,86.0,90.0,45.0,55.0,65.0,43.0,46.0,49.0,benchmark_results_20250301_20250331_174449.csv
AXP,"{""strongBuy"": 0.21, ""buy"": 0.13999999999999999, ""hold"": 0.5, ""sell"": 0.06, ""strongSell"": 0.09}",0.0038241860465116,"{""strongBuy"": 0.13953488372093023, ""buy"": 0.20930232558139536, ""hold"": 0.5348837209302325, ""sell"": 0.10465116279069768, ""strongSell"": 0.011627906976744186}",4,"{""strongBuy"": 0.18, ""buy"": 0.12, ""hold"": 0.5, ""sell"": 0.08000000000000002, ""strongSell"": 0.12}",0.0046362790697674,2025-03-01,300.9599914550781,2025-02-28,,"{""low"": 310.0, ""mid"": 350.0, ""high"": 400.0}","{""low"": 295.0, ""mid"": 305.0, ""high"": 320.0}","{""low"": 140.0, ""mid"": 170.0, ""high"": 200.0}","{""low"": 150.0, ""mid"": 155.0, ""high"": 160.0}",310.0,350.0,400.0,295.0,305.0,320.0,140.0,170.0,200.0,150.0,155.0,160.0,benchmark_results_20250301_20250331_174449.csv
PGR,"{""strongBuy"": 0.24, ""buy"": 0.16000000000000003, ""hold"": 0.5, ""sell"": 0.04000000000000001, ""strongSell"": 0.06}",0.0150997069807526,"{""strongBuy"": 0.4067796610169492, ""buy"": 0.23728813559322035, ""hold"": 0.3050847457627119, ""sell"": 0.05084745762711865, ""strongSell"": 0.0}",4,"{""strongBuy"": 0.18, ""buy"": 0.12, ""hold"": 0.5, ""sell"": 0.08000000000000002, ""strongSell"": 0.12}",0.023685469692617,2025-03-01,282.0,2025-02-28,,"{""low"": 300.0, ""mid"": 320.0, ""high"": 340.0}","{""low"": 285.0, ""mid"": 290.0, ""high"": 295.0}","{""low"": 95.0, ""mid"": 110.0, ""high"": 125.0}","{""low"": 100.0, ""mid"": 105.0, ""high"": 110.0}",300.0,320.0,340.0,285.0,290.0,295.0,95.0,110.0,125.0,100.0,105.0,110.0,benchmark_results_20250301_20250331_174449.csv
ALL,"{""strongBuy"": 0.39, ""buy"": 0.26, ""hold"": 0.25, ""sell"": 0.04000000000000001, ""strongSell"": 0.06}",0.0079911111111111,"{""strongBuy"": 0.35, ""buy"": 0.4166666666666667, ""hold"": 0.13333333333333333, ""sell"": 0.05, ""strongSell"": 0.05}",4,"{""strongBuy"": 0.12, ""buy"": 0.08000000000000002, ""hold"": 0.5, ""sell"": 0.12, ""strongSell"": 0.18}",0.0644977777777777,2025-03-01,198.15786743164065,2025-02-28,,"{""low"": 225.0, ""mid"": 220.0, ""high"": 230.0}","{""low"": 210.0, ""mid"": 220.0, ""high"": 230.0}","{""low"": 125.0, ""mid"": 150.0, ""high"": 175.0}","{""low"": 130.0, ""mid"": 135.0, ""high"": 140.0}",225.0,220.0,230.0,210.0,220.0,230.0,125.0,150.0,175.0,130.0,135.0,140.0,benchmark_results_20250301_20250331_174449.csv
TRV,"{""strongBuy"": 0.15, ""buy"": 0.1, ""hold"": 0.55, ""sell"": 0.08000000000000002, ""strongSell"": 0.12}",0.0018977777777777,"{""strongBuy"": 0.2, ""buy"": 0.14666666666666667, ""hold"": 0.49333333333333335, ""sell"": 0.04, ""strongSell"": 0.12}",4,"{""strongBuy"": 0.18, ""buy"": 0.12, ""hold"": 0.5, ""sell"": 0.08000000000000002, ""strongSell"": 0.12}",0.0005511111111111,2025-03-01,257.436767578125,2025-02-28,,"{""low"": 250.0, ""mid"": 270.53, ""high"": 290.0}","{""low"": 260.0, ""mid"": 270.53, ""high"": 280.0}","{""low"": 140.0, ""mid"": 160.0, ""high"": 180.0}","{""low"": 150.0, ""mid"": 155.0, ""high"": 160.0}",250.0,270.53,290.0,260.0,270.53,280.0,140.0,160.0,180.0,150.0,155.0,160.0,benchmark_results_20250301_20250331_174449.csv
CB,"{""strongBuy"": 0.39, ""buy"": 0.26, ""hold"": 0.25, ""sell"": 0.04000000000000001, ""strongSell"": 0.06}",0.012134904431842,"{""strongBuy"": 0.2608695652173913, ""buy"": 0.18840579710144928, ""hold"": 0.43478260869565216, ""sell"": 0.0, ""strongSell"": 0.11594202898550725}",4,"{""strongBuy"": 0.18, ""buy"": 0.12, ""hold"": 0.5, ""sell"": 0.08000000000000002, ""strongSell"": 0.12}",0.0043778029825666,2025-03-01,285.4800109863281,2025-02-28,,"{""low"": 320.0, ""mid"": 300.0, ""high"": 310.0}","{""low"": 290.0, ""mid"": 300.0, ""high"": 310.0}","{""low"": 75.0, ""mid"": 100.0, ""high"": 120.0}","{""low"": 80.0, ""mid"": 85.0, ""high"": 90.0}",320.0,300.0,310.0,290.0,300.0,310.0,75.0,100.0,120.0,80.0,85.0,90.0,benchmark_results_20250301_20250331_174449.csv
MET,"{""strongBuy"": 0.18, ""buy"": 0.12, ""hold"": 0.5, ""sell"": 0.08000000000000002, ""strongSell"": 0.12}",0.045145,"{""strongBuy"": 0.3125, ""buy"": 0.4375, ""hold"": 0.1875, ""sell"": 0.0, ""strongSell"": 0.0625}",4,"{""strongBuy"": 0.12, ""buy"": 0.08000000000000002, ""hold"": 0.6, ""sell"": 0.08000000000000002, ""strongSell"": 0.12}",0.0689449999999999,2025-03-01,86.18000030517578,2025-02-28,,"{""low"": 90.0, ""mid"": 88.5, ""high"": 92.0}","{""low"": 84.0, ""mid"": 88.5, ""high"": 92.0}","{""low"": 60.0, ""mid"": 75.0, ""high"": 85.0}","{""low"": 65.0, ""mid"": 68.0, ""high"": 70.0}",90.0,88.5,92.0,84.0,88.5,92.0,60.0,75.0,85.0,65.0,68.0,70.0,benchmark_results_20250301_20250331_174449.csv
JNJ,"{""strongBuy"": 0.21, ""buy"": 0.13999999999999999, ""hold"": 0.5, ""sell"": 0.06, ""strongSell"": 0.09}",0.011001028466483,"{""strongBuy"": 0.12121212121212122, ""buy"": 0.3181818181818182, ""hold"": 0.5606060606060606, ""sell"": 0.0, ""strongSell"": 0.0}",4,"{""strongBuy"": 0.18, ""buy"": 0.12, ""hold"": 0.5, ""sell"": 0.08000000000000002, ""strongSell"": 0.12}",0.013441028466483,2025-03-01,165.02000427246094,2025-02-28,,"{""low"": 160.0, ""mid"": 170.0, ""high"": 180.0}","{""low"": 162.0, ""mid"": 167.0, ""high"": 172.0}","{""low"": 145.0, ""mid"": 165.0, ""high"": 175.0}","{""low"": 150.0, ""mid"": 155.0, ""high"": 160.0}",160.0,170.0,180.0,162.0,167.0,172.0,145.0,165.0,175.0,150.0,155.0,160.0,benchmark_results_20250301_20250331_174449.csv
PFE,"{""strongBuy"": 0.39, ""buy"": 0.26, ""hold"": 0.25, ""sell"": 0.04000000000000001, ""strongSell"": 0.06}",0.033284081632653,"{""strongBuy"": 0.12857142857142856, ""buy"": 0.2714285714285714, ""hold"": 0.5571428571428572, ""sell"": 0.04285714285714286, ""strongSell"": 0.0}",4,"{""strongBuy"": 0.18, ""buy"": 0.12, ""hold"": 0.5, ""sell"": 0.08000000000000002, ""strongSell"": 0.12}",0.008924081632653,2025-03-01,26.43000030517578,2025-02-28,,"{""low"": 34.0, ""mid"": 30.0, ""high"": 32.0}","{""low"": 28.0, ""mid"": 30.0, ""high"": 32.0}","{""low"": 40.0, ""mid"": 50.0, ""high"": 60.0}","{""low"": 42.0, ""mid"": 45.0, ""high"": 48.0}",34.0,30.0,32.0,28.0,30.0,32.0,40.0,50.0,60.0,42.0,45.0,48.0,benchmark_results_20250301_20250331_174449.csv
UNH,"{""strongBuy"": 0.15, ""buy"": 0.1, ""hold"": 0.5, ""sell"": 0.1, ""strongSell"": 0.15}",0.1322743764172335,"{""strongBuy"": 0.25, ""buy"": 0.7261904761904762, ""hold"": 0.023809523809523808, ""sell"": 0.0, ""strongSell"": 0.0}",4,"{""strongBuy"": 0.36, ""buy"": 0.24, ""hold"": 0.3, ""sell"": 0.04000000000000001, ""strongSell"": 0.06}",0.0659924716553288,2025-03-01,472.9388122558594,2025-02-28,,"{""low"": 580.0, ""mid"": 628.11, ""high"": 680.0}","{""low"": 460.0, ""mid"": 472.94, ""high"": 490.0}","{""low"": 510.0, ""mid"": 550.0, ""high"": 590.0}","{""low"": 490.0, ""mid"": 505.0, ""high"": 520.0}",580.0,628.11,680.0,460.0,472.94,490.0,510.0,550.0,590.0,490.0,505.0,520.0,benchmark_results_20250301_20250331_174449.csv
MRK,"{""strongBuy"": 0.12, ""buy"": 0.08000000000000002, ""hold"": 0.5, ""sell"": 0.12, ""strongSell"": 0.18}",0.0459052728468113,"{""strongBuy"": 0.1794871794871795, ""buy"": 0.47435897435897434, ""hold"": 0.34615384615384615, ""sell"": 0.0, ""strongSell"": 0.0}",4,"{""strongBuy"": 0.18, ""buy"": 0.12, ""hold"": 0.5, ""sell"": 0.08000000000000002, ""strongSell"": 0.12}",0.0340078369493754,2025-03-01,91.45986938476562,2025-02-28,,"{""low"": 105.0, ""mid"": 112.07, ""high"": 120.0}","{""low"": 90.0, ""mid"": 95.0, ""high"": 100.0}","{""low"": 90.0, ""mid"": 110.0, ""high"": 130.0}","{""low"": 95.0, ""mid"": 100.0, ""high"": 105.0}",105.0,112.07,120.0,90.0,95.0,100.0,90.0,110.0,130.0,95.0,100.0,105.0,benchmark_results_20250301_20250331_174449.csv
ABBV,"{""strongBuy"": 0.18, ""buy"": 0.12, ""hold"": 0.5, ""sell"": 0.08000000000000002, ""strongSell"": 0.12}",0.0256696723060509,"{""strongBuy"": 0.20987654320987653, ""buy"": 0.41975308641975306, ""hold"": 0.37037037037037035, ""sell"": 0.0, ""strongSell"": 0.0}",4,"{""strongBuy"": 0.15, ""buy"": 0.1, ""hold"": 0.5, ""sell"": 0.1, ""strongSell"": 0.15}",0.0310262155159274,2025-03-01,209.02999877929688,2025-02-28,,"{""low"": 200.0, ""mid"": 220.0, ""high"": 240.0}","{""low"": 205.0, ""mid"": 210.0, ""high"": 215.0}","{""low"": 130.0, ""mid"": 150.0, ""high"": 170.0}","{""low"": 140.0, ""mid"": 145.0, ""high"": 150.0}",200.0,220.0,240.0,205.0,210.0,215.0,130.0,150.0,170.0,140.0,145.0,150.0,benchmark_results_20250301_20250331_174449.csv
MDT,"{""strongBuy"": 0.36, ""buy"": 0.24, ""hold"": 0.3, ""sell"": 0.04000000000000001, ""strongSell"": 0.06}",0.0172640651878678,"{""strongBuy"": 0.13829787234042554, ""buy"": 0.32978723404255317, ""hold"": 0.46808510638297873, ""sell"": 0.031914893617021274, ""strongSell"": 0.031914893617021274}",4,"{""strongBuy"": 0.18, ""buy"": 0.12, ""hold"": 0.5, ""sell"": 0.08000000000000002, ""strongSell"": 0.12}",0.0113678949751018,2025-03-01,91.29608154296876,2025-02-28,,"{""low"": 95.0, ""mid"": 97.05, ""high"": 100.0}","{""low"": 92.0, ""mid"": 95.0, ""high"": 98.0}","{""low"": 75.0, ""mid"": 95.0, ""high"": 110.0}","{""low"": 80.0, ""mid"": 85.0, ""high"": 90.0}",95.0,97.05,100.0,92.0,95.0,98.0,75.0,95.0,110.0,80.0,85.0,90.0,benchmark_results_20250301_20250331_174449.csv
TMO,"{""strongBuy"": 0.39, ""buy"": 0.26, ""hold"": 0.25, ""sell"": 0.04000000000000001, ""strongSell"": 0.06}",0.0232949584487534,"{""strongBuy"": 0.25263157894736843, ""buy"": 0.5578947368421052, ""hold"": 0.18947368421052632, ""sell"": 0.0, ""strongSell"": 0.0}",4,"{""strongBuy"": 0.15, ""buy"": 0.1, ""hold"": 0.5, ""sell"": 0.1, ""strongSell"": 0.15}",0.0698254847645429,2025-03-01,528.5130615234375,2025-02-28,,"{""low"": 640, ""mid"": 660, ""high"": 680}","{""low"": 540, ""mid"": 560, ""high"": 580}","{""low"": 600.0, ""mid"": 630.0, ""high"": 660.0}","{""low"": 550.0, ""mid"": 570.0, ""high"": 590.0}",640.0,660.0,680.0,540.0,560.0,580.0,600.0,630.0,660.0,550.0,570.0,590.0,benchmark_results_20250301_20250331_174449.csv
DHR,"{""strongBuy"": 0.39, ""buy"": 0.26, ""hold"": 0.25, ""sell"": 0.04000000000000001, ""strongSell"": 0.06}",0.0440086688924372,"{""strongBuy"": 0.14457831325301204, ""buy"": 0.6506024096385542, ""hold"": 0.20481927710843373, ""sell"": 0.0, ""strongSell"": 0.0}",4,"{""strongBuy"": 0.36, ""buy"": 0.24, ""hold"": 0.3, ""sell"": 0.04000000000000001, ""strongSell"": 0.06}",0.0458520423864131,2025-03-01,207.44357299804688,2025-02-28,,"{""low"": 260.0, ""mid"": 270.0, ""high"": 280.0}","{""low"": 220.0, ""mid"": 230.0, ""high"": 240.0}","{""low"": 280.0, ""mid"": 300.0, ""high"": 320.0}","{""low"": 250.0, ""mid"": 260.0, ""high"": 270.0}",260.0,270.0,280.0,220.0,230.0,240.0,280.0,300.0,320.0,250.0,260.0,270.0,benchmark_results_20250301_20250331_174449.csv
ABT,"{""strongBuy"": 0.15, ""buy"": 0.1, ""hold"": 0.5, ""sell"": 0.1, ""strongSell"": 0.15}",0.0546689529035207,"{""strongBuy"": 0.2839506172839506, ""buy"": 0.48148148148148145, ""hold"": 0.20987654320987653, ""sell"": 0.0, ""strongSell"": 0.024691358024691357}",4,"{""strongBuy"": 0.18, ""buy"": 0.12, ""hold"": 0.5, ""sell"": 0.08000000000000002, ""strongSell"": 0.12}",0.0482259899405578,2025-03-01,138.00999450683594,2025-02-28,,"{""low"": 130.0, ""mid"": 136.68, ""high"": 145.0}","{""low"": 135.0, ""mid"": 138.0, ""high"": 142.0}","{""low"": 95.0, ""mid"": 110.0, ""high"": 125.0}","{""low"": 100.0, ""mid"": 105.0, ""high"": 110.0}",130.0,136.68,145.0,135.0,138.0,142.0,95.0,110.0,125.0,100.0,105.0,110.0,benchmark_results_20250301_20250331_174449.csv
ISRG,"{""strongBuy"": 0.15, ""buy"": 0.1, ""hold"": 0.55, ""sell"": 0.08000000000000002, ""strongSell"": 0.12}",0.0394767023773084,"{""strongBuy"": 0.25252525252525254, ""buy"": 0.42424242424242425, ""hold"": 0.29292929292929293, ""sell"": 0.020202020202020204, ""strongSell"": 0.010101010101010102}",4,"{""strongBuy"": 0.36, ""buy"": 0.24, ""hold"": 0.3, ""sell"": 0.04000000000000001, ""strongSell"": 0.06}",0.0096855912661973,2025-03-01,573.1500244140625,2025-02-28,,"{""low"": 600.0, ""mid"": 590.0, ""high"": 620.0}","{""low"": 560.0, ""mid"": 590.0, ""high"": 620.0}","{""low"": 300.0, ""mid"": 320.0, ""high"": 340.0}","{""low"": 250.0, ""mid"": 260.0, ""high"": 270.0}",600.0,590.0,620.0,560.0,590.0,620.0,300.0,320.0,340.0,250.0,260.0,270.0,benchmark_results_20250301_20250331_174449.csv
XOM,"{""strongBuy"": 0.36, ""buy"": 0.24, ""hold"": 0.3, ""sell"": 0.04000000000000001, ""strongSell"": 0.06}",0.0050536961451247,"{""strongBuy"": 0.2619047619047619, ""buy"": 0.30952380952380953, ""hold"": 0.39285714285714285, ""sell"": 0.0, ""strongSell"": 0.03571428571428571}",4,"{""strongBuy"": 0.18, ""buy"": 0.12, ""hold"": 0.5, ""sell"": 0.08000000000000002, ""strongSell"": 0.12}",0.0135222675736961,2025-03-01,111.33000183105467,2025-02-28,,"{""low"": 130.0, ""mid"": 120.0, ""high"": 125.0}","{""low"": 115.0, ""mid"": 120.0, ""high"": 125.0}","{""low"": 85.0, ""mid"": 100.0, ""high"": 120.0}","{""low"": 90.0, ""mid"": 95.0, ""high"": 100.0}",130.0,120.0,125.0,115.0,120.0,125.0,85.0,100.0,120.0,90.0,95.0,100.0,benchmark_results_20250301_20250331_175813.csv
CVX,"{""strongBuy"": 0.39, ""buy"": 0.26, ""hold"": 0.25, ""sell"": 0.04000000000000001, ""strongSell"": 0.06}",0.00196,"{""strongBuy"": 0.4, ""buy"": 0.32, ""hold"": 0.28, ""sell"": 0.0, ""strongSell"": 0.0}",4,"{""strongBuy"": 0.18, ""buy"": 0.12, ""hold"": 0.5, ""sell"": 0.08000000000000002, ""strongSell"": 0.12}",0.03152,2025-03-01,158.6199951171875,2025-02-28,,"{""low"": 180.0, ""mid"": 170.0, ""high"": 175.0}","{""low"": 165.0, ""mid"": 170.0, ""high"": 175.0}","{""low"": 150.0, ""mid"": 170.0, ""high"": 190.0}","{""low"": 155.0, ""mid"": 160.0, ""high"": 165.0}",180.0,170.0,175.0,165.0,170.0,175.0,150.0,170.0,190.0,155.0,160.0,165.0,benchmark_results_20250301_20250331_175813.csv
COP,"{""strongBuy"": 0.39, ""buy"": 0.26, ""hold"": 0.25, ""sell"": 0.04000000000000001, ""strongSell"": 0.06}",0.015233086419753,"{""strongBuy"": 0.4222222222222222, ""buy"": 0.4777777777777778, ""hold"": 0.1, ""sell"": 0.0, ""strongSell"": 0.0}",4,"{""strongBuy"": 0.18, ""buy"": 0.12, ""hold"": 0.5, ""sell"": 0.08000000000000002, ""strongSell"": 0.12}",0.0734953086419753,2025-03-01,99.1500015258789,2025-02-28,,"{""low"": 128.55, ""mid"": 130.0, ""high"": 135.0}","{""low"": 110.0, ""mid"": 115.0, ""high"": 120.0}","{""low"": 75.0, ""mid"": 90.0, ""high"": 105.0}","{""low"": 80.0, ""mid"": 85.0, ""high"": 90.0}",128.55,130.0,135.0,110.0,115.0,120.0,75.0,90.0,105.0,80.0,85.0,90.0,benchmark_results_20250301_20250331_175813.csv
SLB,"{""strongBuy"": 0.36, ""buy"": 0.24, ""hold"": 0.3, ""sell"": 0.04000000000000001, ""strongSell"": 0.06}",0.016852299168975,"{""strongBuy"": 0.3157894736842105, ""buy"": 0.49473684210526314, ""hold"": 0.18947368421052632, ""sell"": 0.0, ""strongSell"": 0.0}",4,"{""strongBuy"": 0.18, ""buy"": 0.12, ""hold"": 0.5, ""sell"": 0.08000000000000002, ""strongSell"": 0.12}",0.0552186149584487,2025-03-01,41.65999984741211,2025-02-28,,"{""low"": 50, ""mid"": 53, ""high"": 57}","{""low"": 45, ""mid"": 48, ""high"": 52}","{""low"": 40.0, ""mid"": 50.0, ""high"": 60.0}","{""low"": 42.0, ""mid"": 44.5, ""high"": 47.0}",50.0,53.0,57.0,45.0,48.0,52.0,40.0,50.0,60.0,42.0,44.5,47.0,benchmark_results_20250301_20250331_175813.csv
EOG,"{""strongBuy"": 0.12, ""buy"": 0.08000000000000002, ""hold"": 0.6, ""sell"": 0.08000000000000002, ""strongSell"": 0.12}",0.0259149392919089,"{""strongBuy"": 0.1414141414141414, ""buy"": 0.3838383838383838, ""hold"": 0.46464646464646464, ""sell"": 0.0, ""strongSell"": 0.010101010101010102}",4,"{""strongBuy"": 0.24, ""buy"": 0.16000000000000003, ""hold"": 0.5, ""sell"": 0.04000000000000001, ""strongSell"": 0.06}",0.0130325150494847,2025-03-01,126.94000244140624,2025-02-28,,"{""low"": 140.0, ""mid"": 144.0, ""high"": 150.0}","{""low"": 128.0, ""mid"": 132.0, ""high"": 136.0}","{""low"": 80.0, ""mid"": 95.0, ""high"": 110.0}","{""low"": 85.0, ""mid"": 90.0, ""high"": 95.0}",140.0,144.0,150.0,128.0,132.0,136.0,80.0,95.0,110.0,85.0,90.0,95.0,benchmark_results_20250301_20250331_175813.csv
NEE,"{""strongBuy"": 0.15, ""buy"": 0.1, ""hold"": 0.55, ""sell"": 0.08000000000000002, ""strongSell"": 0.12}",0.0260635916824196,"{""strongBuy"": 0.2608695652173913, ""buy"": 0.34782608695652173, ""hold"": 0.34782608695652173, ""sell"": 0.043478260869565216, ""strongSell"": 0.0}",4,"{""strongBuy"": 0.18, ""buy"": 0.12, ""hold"": 0.5, ""sell"": 0.08000000000000002, ""strongSell"": 0.12}",0.0194670699432892,2025-03-01,70.16999816894531,2025-02-28,,"{""low"": 82.0, ""mid"": 85.0, ""high"": 90.0}","{""low"": 72.0, ""mid"": 76.0, ""high"": 80.0}","{""low"": 70.0, ""mid"": 85.0, ""high"": 100.0}","{""low"": 75.0, ""mid"": 80.0, ""high"": 85.0}",82.0,85.0,90.0,72.0,76.0,80.0,70.0,85.0,100.0,75.0,80.0,85.0,benchmark_results_20250301_20250331_175813.csv
DUK,"{""strongBuy"": 0.21, ""buy"": 0.13999999999999999, ""hold"": 0.55, ""sell"": 0.04000000000000001, ""strongSell"": 0.06}",0.0122799999999999,"{""strongBuy"": 0.1, ""buy"": 0.35, ""hold"": 0.55, ""sell"": 0.0, ""strongSell"": 0.0}",4,"{""strongBuy"": 0.12, ""buy"": 0.08000000000000002, ""hold"": 0.6, ""sell"": 0.08000000000000002, ""strongSell"": 0.12}",0.0193199999999999,2025-03-01,117.48999786376952,2025-02-28,,"{""low"": 120, ""mid"": 130, ""high"": 140}","{""low"": 115, ""mid"": 120, ""high"": 125}","{""low"": 85.0, ""mid"": 95.0, ""high"": 105.0}","{""low"": 90.0, ""mid"": 92.5, ""high"": 95.0}",120.0,130.0,140.0,115.0,120.0,125.0,85.0,95.0,105.0,90.0,92.5,95.0,benchmark_results_20250301_20250331_175813.csv
SO,"{""strongBuy"": 0.18, ""buy"": 0.12, ""hold"": 0.5, ""sell"": 0.08000000000000002, ""strongSell"": 0.12}",0.0035907596253902,"{""strongBuy"": 0.14516129032258066, ""buy"": 0.1774193548387097, ""hold"": 0.5806451612903226, ""sell"": 0.0, ""strongSell"": 0.0967741935483871}",4,"{""strongBuy"": 0.18, ""buy"": 0.12, ""hold"": 0.5, ""sell"": 0.08000000000000002, ""strongSell"": 0.12}",0.0035907596253902,2025-03-01,89.79000091552734,2025-02-28,,"{""low"": 85.0, ""mid"": 91.69, ""high"": 95.0}","{""low"": 88.0, ""mid"": 90.0, ""high"": 92.0}","{""low"": 60.0, ""mid"": 75.0, ""high"": 80.0}","{""low"": 65.0, ""mid"": 68.0, ""high"": 70.0}",85.0,91.69,95.0,88.0,90.0,92.0,60.0,75.0,80.0,65.0,68.0,70.0,benchmark_results_20250301_20250331_175813.csv
AEP,"{""strongBuy"": 0.18, ""buy"": 0.12, ""hold"": 0.5, ""sell"": 0.08000000000000002, ""strongSell"": 0.12}",0.0073063441672965,"{""strongBuy"": 0.14285714285714285, ""buy"": 0.14285714285714285, ""hold"": 0.6507936507936508, ""sell"": 0.047619047619047616, ""strongSell"": 0.015873015873015872}",4,"{""strongBuy"": 0.18, ""buy"": 0.12, ""hold"": 0.5, ""sell"": 0.08000000000000002, ""strongSell"": 0.12}",0.0073063441672965,2025-03-01,106.0500030517578,2025-02-28,,"{""low"": 100.0, ""mid"": 105.0, ""high"": 108.0}","{""low"": 102.0, ""mid"": 105.0, ""high"": 108.0}","{""low"": 85.0, ""mid"": 95.0, ""high"": 110.0}","{""low"": 90.0, ""mid"": 95.0, ""high"": 100.0}",100.0,105.0,108.0,102.0,105.0,108.0,85.0,95.0,110.0,90.0,95.0,100.0,benchmark_results_20250301_20250331_175813.csv
PCG,"{""strongBuy"": 0.21, ""buy"": 0.13999999999999999, ""hold"": 0.45, ""sell"": 0.08000000000000002, ""strongSell"": 0.12}",0.0239410895660203,"{""strongBuy"": 0.24561403508771928, ""buy"": 0.42105263157894735, ""hold"": 0.2982456140350877, ""sell"": 0.03508771929824561, ""strongSell"": 0.0}",4,"{""strongBuy"": 0.18, ""buy"": 0.12, ""hold"": 0.5, ""sell"": 0.08000000000000002, ""strongSell"": 0.12}",0.0304119667590027,2025-03-01,16.34000015258789,2025-02-28,,"{""low"": 20.0, ""mid"": 18.0, ""high"": 19.0}","{""low"": 17.0, ""mid"": 18.0, ""high"": 19.0}","{""low"": 12.0, ""mid"": 13.0, ""high"": 14.0}","{""low"": 10.5, ""mid"": 11.0, ""high"": 11.5}",20.0,18.0,19.0,17.0,18.0,19.0,12.0,13.0,14.0,10.5,11.0,11.5,benchmark_results_20250301_20250331_175813.csv
PG,"{""strongBuy"": 0.39, ""buy"": 0.26, ""hold"": 0.25, ""sell"": 0.04000000000000001, ""strongSell"": 0.06}",0.0232963265306122,"{""strongBuy"": 0.14285714285714285, ""buy"": 0.4642857142857143, ""hold"": 0.35714285714285715, ""sell"": 0.0, ""strongSell"": 0.03571428571428571}",4,"{""strongBuy"": 0.12, ""buy"": 0.08000000000000002, ""hold"": 0.6, ""sell"": 0.08000000000000002, ""strongSell"": 0.12}",0.0441363265306122,2025-03-01,173.83999633789062,2025-02-28,,"{""low"": 180.0, ""mid"": 178.47, ""high"": 182.0}","{""low"": 175.0, ""mid"": 178.47, ""high"": 182.0}","{""low"": 135.0, ""mid"": 155.0, ""high"": 170.0}","{""low"": 140.0, ""mid"": 145.0, ""high"": 150.0}",180.0,178.47,182.0,175.0,178.47,182.0,135.0,155.0,170.0,140.0,145.0,150.0,benchmark_results_20250301_20250331_175813.csv
KO,"{""strongBuy"": 0.24, ""buy"": 0.16000000000000003, ""hold"": 0.5, ""sell"": 0.04000000000000001, ""strongSell"": 0.06}",0.0480113609467455,"{""strongBuy"": 0.2692307692307692, ""buy"": 0.5256410256410257, ""hold"": 0.1794871794871795, ""sell"": 0.0, ""strongSell"": 0.02564102564102564}",4,"{""strongBuy"": 0.15, ""buy"": 0.1, ""hold"": 0.5, ""sell"": 0.1, ""strongSell"": 0.15}",0.0647159763313609,2025-03-01,70.6883544921875,2025-02-28,,"{""low"": 72.0, ""mid"": 74.7, ""high"": 78.0}","{""low"": 71.0, ""mid"": 74.7, ""high"": 78.0}","{""low"": 52.0, ""mid"": 58.0, ""high"": 65.0}","{""low"": 55.0, ""mid"": 57.5, ""high"": 60.0}",72.0,74.7,78.0,71.0,74.7,78.0,52.0,58.0,65.0,55.0,57.5,60.0,benchmark_results_20250301_20250331_175813.csv
WMT,"{""strongBuy"": 0.21, ""buy"": 0.13999999999999999, ""hold"": 0.55, ""sell"": 0.04000000000000001, ""strongSell"": 0.06}",0.0870728575857151,"{""strongBuy"": 0.29133858267716534, ""buy"": 0.5984251968503937, ""hold"": 0.08661417322834646, ""sell"": 0.023622047244094488, ""strongSell"": 0.0}",4,"{""strongBuy"": 0.18, ""buy"": 0.12, ""hold"": 0.5, ""sell"": 0.08000000000000002, ""strongSell"": 0.12}",0.0859506528613057,2025-03-01,98.33995056152344,2025-02-28,,"{""low"": 105.0, ""mid"": 100.0, ""high"": 105.0}","{""low"": 95.0, ""mid"": 100.0, ""high"": 105.0}","{""low"": 135.0, ""mid"": 150.0, ""high"": 165.0}","{""low"": 140.0, ""mid"": 145.0, ""high"": 150.0}",105.0,100.0,105.0,95.0,100.0,105.0,135.0,150.0,165.0,140.0,145.0,150.0,benchmark_results_20250301_20250331_175813.csv
MCD,"{""strongBuy"": 0.33, ""buy"": 0.22000000000000003, ""hold"": 0.35, ""sell"": 0.04000000000000001, ""strongSell"": 0.06}",0.0162610227895684,"{""strongBuy"": 0.17699115044247787, ""buy"": 0.45132743362831856, ""hold"": 0.36283185840707965, ""sell"": 0.0, ""strongSell"": 0.008849557522123894}",4,"{""strongBuy"": 0.18, ""buy"": 0.12, ""hold"": 0.5, ""sell"": 0.08000000000000002, ""strongSell"": 0.12}",0.0294712882762941,2025-03-01,306.55999755859375,2025-02-28,,"{""low"": 328.36, ""mid"": 320.0, ""high"": 330.0}","{""low"": 310.0, ""mid"": 320.0, ""high"": 330.0}","{""low"": 280.0, ""mid"": 310.0, ""high"": 340.0}","{""low"": 275.0, ""mid"": 280.0, ""high"": 285.0}",328.36,320.0,330.0,310.0,320.0,330.0,280.0,310.0,340.0,275.0,280.0,285.0,benchmark_results_20250301_20250331_175813.csv
DIS,"{""strongBuy"": 0.18, ""buy"": 0.12, ""hold"": 0.4, ""sell"": 0.12, ""strongSell"": 0.18}",0.0396481997918834,"{""strongBuy"": 0.20430107526881722, ""buy"": 0.4946236559139785, ""hold"": 0.26881720430107525, ""sell"": 0.03225806451612903, ""strongSell"": 0.0}",4,"{""strongBuy"": 0.15, ""buy"": 0.1, ""hold"": 0.5, ""sell"": 0.1, ""strongSell"": 0.15}",0.0478421782865071,2025-03-01,113.8000030517578,2025-02-28,,"{""low"": 125.0, ""mid"": 135.0, ""high"": 145.0}","{""low"": 120.0, ""mid"": 126.0, ""high"": 130.0}","{""low"": 80.0, ""mid"": 100.0, ""high"": 120.0}","{""low"": 85.0, ""mid"": 90.0, ""high"": 95.0}",125.0,135.0,145.0,120.0,126.0,130.0,80.0,100.0,120.0,85.0,90.0,95.0,benchmark_results_20250301_20250331_175813.csv
NKE,"{""strongBuy"": 0.21, ""buy"": 0.13999999999999999, ""hold"": 0.5, ""sell"": 0.06, ""strongSell"": 0.09}",0.0135365992865636,"{""strongBuy"": 0.12931034482758622, ""buy"": 0.3706896551724138, ""hold"": 0.4482758620689655, ""sell"": 0.02586206896551724, ""strongSell"": 0.02586206896551724}",4,"{""strongBuy"": 0.18, ""buy"": 0.12, ""hold"": 0.5, ""sell"": 0.08000000000000002, ""strongSell"": 0.12}",0.0159765992865636,2025-03-01,79.02999877929688,2025-02-28,,"{""low"": 75.0, ""mid"": 79.5, ""high"": 81.0}","{""low"": 78.0, ""mid"": 79.5, ""high"": 81.0}","{""low"": 90.0, ""mid"": 115.0, ""high"": 130.0}","{""low"": 95.0, ""mid"": 100.0, ""high"": 105.0}",75.0,79.5,81.0,78.0,79.5,81.0,90.0,115.0,130.0,95.0,100.0,105.0,benchmark_results_20250301_20250331_175813.csv
SBUX,"{""strongBuy"": 0.15, ""buy"": 0.1, ""hold"": 0.6, ""sell"": 0.06, ""strongSell"": 0.09}",0.017790566893424,"{""strongBuy"": 0.2, ""buy"": 0.29523809523809524, ""hold"": 0.3904761904761905, ""sell"": 0.08571428571428572, ""strongSell"": 0.02857142857142857}",4,"{""strongBuy"": 0.18, ""buy"": 0.12, ""hold"": 0.5, ""sell"": 0.08000000000000002, ""strongSell"": 0.12}",0.0102991383219954,2025-03-01,115.80999755859376,2025-02-28,,"{""low"": 100.0, ""mid"": 115.0, ""high"": 120.0}","{""low"": 110.0, ""mid"": 115.0, ""high"": 120.0}","{""low"": 85.0, ""mid"": 100.0, ""high"": 115.0}","{""low"": 90.0, ""mid"": 95.0, ""high"": 100.0}",100.0,115.0,120.0,110.0,115.0,120.0,85.0,100.0,115.0,90.0,95.0,100.0,benchmark_results_20250301_20250331_175813.csv
LULU,"{""strongBuy"": 0.21, ""buy"": 0.13999999999999999, ""hold"": 0.5, ""sell"": 0.06, ""strongSell"": 0.09}",0.0280948760330578,"{""strongBuy"": 0.12727272727272726, ""buy"": 0.44545454545454544, ""hold"": 0.3, ""sell"": 0.05454545454545454, ""strongSell"": 0.07272727272727272}",4,"{""strongBuy"": 0.36, ""buy"": 0.24, ""hold"": 0.3, ""sell"": 0.04000000000000001, ""strongSell"": 0.06}",0.0193494214876033,2025-03-01,365.6099853515625,2025-02-28,,"{""low"": 350, ""mid"": 375, ""high"": 400}","{""low"": 360, ""mid"": 370, ""high"": 380}","{""low"": 400, ""mid"": 450, ""high"": 500}","{""low"": 350, ""mid"": 370, ""high"": 390}",350.0,375.0,400.0,360.0,370.0,380.0,400.0,450.0,500.0,350.0,370.0,390.0,benchmark_results_20250301_20250331_175813.csv
TGT,"{""strongBuy"": 0.15, ""buy"": 0.1, ""hold"": 0.55, ""sell"": 0.08000000000000002, ""strongSell"": 0.12}",0.0123803554906257,"{""strongBuy"": 0.09009009009009009, ""buy"": 0.3063063063063063, ""hold"": 0.5765765765765766, ""sell"": 0.0, ""strongSell"": 0.02702702702702703}",4,"{""strongBuy"": 0.18, ""buy"": 0.12, ""hold"": 0.5, ""sell"": 0.08000000000000002, ""strongSell"": 0.12}",0.0127403554906257,2025-03-01,124.23999786376952,2025-02-28,,"{""low"": 130.0, ""mid"": 128.0, ""high"": 132.0}","{""low"": 122.0, ""mid"": 128.0, ""high"": 132.0}","{""low"": 120.0, ""mid"": 150.0, ""high"": 175.0}","{""low"": 130.0, ""mid"": 135.0, ""high"": 140.0}",130.0,128.0,132.0,122.0,128.0,132.0,120.0,150.0,175.0,130.0,135.0,140.0,benchmark_results_20250301_20250331_175813.csv
HD,"{""strongBuy"": 0.36, ""buy"": 0.24, ""hold"": 0.3, ""sell"": 0.04000000000000001, ""strongSell"": 0.06}",0.0284589631855747,"{""strongBuy"": 0.12396694214876033, ""buy"": 0.5289256198347108, ""hold"": 0.3140495867768595, ""sell"": 0.024793388429752067, ""strongSell"": 0.008264462809917356}",4,"{""strongBuy"": 0.18, ""buy"": 0.12, ""hold"": 0.5, ""sell"": 0.08000000000000002, ""strongSell"": 0.12}",0.0440940045078888,2025-03-01,394.0990295410156,2025-02-28,,"{""low"": 450.0, ""mid"": 475.0, ""high"": 500.0}","{""low"": 400.0, ""mid"": 415.0, ""high"": 430.0}","{""low"": 270.0, ""mid"": 320.0, ""high"": 350.0}","{""low"": 280.0, ""mid"": 290.0, ""high"": 300.0}",450.0,475.0,500.0,400.0,415.0,430.0,270.0,320.0,350.0,280.0,290.0,300.0,benchmark_results_20250301_20250331_175813.csv
PEP,"{""strongBuy"": 0.18, ""buy"": 0.12, ""hold"": 0.5, ""sell"": 0.08000000000000002, ""strongSell"": 0.12}",0.00639922705314,"{""strongBuy"": 0.15942028985507245, ""buy"": 0.21739130434782608, ""hold"": 0.5797101449275363, ""sell"": 0.043478260869565216, ""strongSell"": 0.0}",4,"{""strongBuy"": 0.18, ""buy"": 0.12, ""hold"": 0.5, ""sell"": 0.08000000000000002, ""strongSell"": 0.12}",0.00639922705314,2025-03-01,152.125,2025-02-28,,"{""low"": 160.0, ""mid"": 155.0, ""high"": 158.0}","{""low"": 150.0, ""mid"": 155.0, ""high"": 158.0}","{""low"": 155, ""mid"": 175, ""high"": 190}","{""low"": 160, ""mid"": 165, ""high"": 170}",160.0,155.0,158.0,150.0,155.0,158.0,155.0,175.0,190.0,160.0,165.0,170.0,benchmark_results_20250301_20250331_175813.csv
KHC,"{""strongBuy"": 0.18, ""buy"": 0.12, ""hold"": 0.5, ""sell"": 0.08000000000000002, ""strongSell"": 0.12}",0.0125759144575629,"{""strongBuy"": 0.04477611940298507, ""buy"": 0.1791044776119403, ""hold"": 0.6865671641791045, ""sell"": 0.014925373134328358, ""strongSell"": 0.07462686567164178}",4,"{""strongBuy"": 0.15, ""buy"": 0.1, ""hold"": 0.5, ""sell"": 0.1, ""strongSell"": 0.15}",0.0130111383381599,2025-03-01,30.317289352416992,2025-02-28,,"{""low"": 30.5, ""mid"": 32.0, ""high"": 33.0}","{""low"": 31.0, ""mid"": 32.0, ""high"": 33.0}","{""low"": 30.0, ""mid"": 35.0, ""high"": 40.0}","{""low"": 32.0, ""mid"": 34.0, ""high"": 36.0}",30.5,32.0,33.0,31.0,32.0,33.0,30.0,35.0,40.0,32.0,34.0,36.0,benchmark_results_20250301_20250331_175813.csv
GIS,"{""strongBuy"": 0.15, ""buy"": 0.1, ""hold"": 0.5, ""sell"": 0.1, ""strongSell"": 0.15}",0.01844921875,"{""strongBuy"": 0.140625, ""buy"": 0.09375, ""hold"": 0.75, ""sell"": 0.015625, ""strongSell"": 0.0}",4,"{""strongBuy"": 0.15, ""buy"": 0.1, ""hold"": 0.5, ""sell"": 0.1, ""strongSell"": 0.15}",0.01844921875,2025-03-01,60.619998931884766,2025-02-28,,"{""low"": 60.0, ""mid"": 65.0, ""high"": 70.0}","{""low"": 61.0, ""mid"": 62.0, ""high"": 63.0}","{""low"": 58.0, ""mid"": 65.0, ""high"": 72.0}","{""low"": 60.0, ""mid"": 62.5, ""high"": 65.0}",60.0,65.0,70.0,61.0,62.0,63.0,58.0,65.0,72.0,60.0,62.5,65.0,benchmark_results_20250301_20250331_175813.csv
K,"{""strongBuy"": 0.15, ""buy"": 0.1, ""hold"": 0.55, ""sell"": 0.08000000000000002, ""strongSell"": 0.12}",0.0467740975436098,"{""strongBuy"": 0.018867924528301886, ""buy"": 0.0, ""hold"": 0.9811320754716981, ""sell"": 0.0, ""strongSell"": 0.0}",4,"{""strongBuy"": 0.18, ""buy"": 0.12, ""hold"": 0.5, ""sell"": 0.08000000000000002, ""strongSell"": 0.12}",0.0585303239587041,2025-03-01,82.33000183105469,2025-02-28,,"{""low"": 79.0, ""mid"": 83.5, ""high"": 85.0}","{""low"": 81.0, ""mid"": 83.5, ""high"": 85.0}","{""low"": 30.0, ""mid"": 35.0, ""high"": 40.0}","{""low"": 32.0, ""mid"": 34.0, ""high"": 36.0}",79.0,83.5,85.0,81.0,83.5,85.0,30.0,35.0,40.0,32.0,34.0,36.0,benchmark_results_20250301_20250331_175813.csv
CAG,"{""strongBuy"": 0.21, ""buy"": 0.13999999999999999, ""hold"": 0.5, ""sell"": 0.06, ""strongSell"": 0.09}",0.0293180165289256,"{""strongBuy"": 0.16363636363636364, ""buy"": 0.0, ""hold"": 0.8363636363636363, ""sell"": 0.0, ""strongSell"": 0.0}",4,"{""strongBuy"": 0.15, ""buy"": 0.1, ""hold"": 0.5, ""sell"": 0.1, ""strongSell"": 0.15}",0.0311652892561983,2025-03-01,25.540000915527344,2025-02-28,,"{""low"": 26.0, ""mid"": 26.0, ""high"": 27.0}","{""low"": 25.0, ""mid"": 26.0, ""high"": 27.0}","{""low"": 30.0, ""mid"": 38.0, ""high"": 42.0}","{""low"": 32.0, ""mid"": 34.0, ""high"": 36.0}",26.0,26.0,27.0,25.0,26.0,27.0,30.0,38.0,42.0,32.0,34.0,36.0,benchmark_results_20250301_20250331_175813.csv
TSLA,"{""strongBuy"": 0.21, ""buy"": 0.13999999999999999, ""hold"": 0.5, ""sell"": 0.06, ""strongSell"": 0.09}",0.0166614322555048,"{""strongBuy"": 0.14084507042253522, ""buy"": 0.3028169014084507, ""hold"": 0.30985915492957744, ""sell"": 0.18309859154929578, ""strongSell"": 0.06338028169014084}",4,"{""strongBuy"": 0.24, ""buy"": 0.16000000000000003, ""hold"": 0.5, ""sell"": 0.04000000000000001, ""strongSell"": 0.06}",0.0173741083118428,2025-03-01,292.9800109863281,2025-02-28,,"{""low"": 320.0, ""mid"": 310.0, ""high"": 330.0}","{""low"": 290.0, ""mid"": 310.0, ""high"": 330.0}","{""low"": 250.0, ""mid"": 280.0, ""high"": 310.0}","{""low"": 210.0, ""mid"": 220.0, ""high"": 230.0}",320.0,310.0,330.0,290.0,310.0,330.0,250.0,280.0,310.0,210.0,220.0,230.0,benchmark_results_20250301_20250331_181414.csv
GM,"{""strongBuy"": 0.27, ""buy"": 0.18000000000000002, ""hold"": 0.5, ""sell"": 0.020000000000000004, ""strongSell"": 0.03}",0.0144849540292049,"{""strongBuy"": 0.2441860465116279, ""buy"": 0.37209302325581395, ""hold"": 0.313953488372093, ""sell"": 0.03488372093023256, ""strongSell"": 0.03488372093023256}",4,"{""strongBuy"": 0.18, ""buy"": 0.12, ""hold"": 0.5, ""sell"": 0.08000000000000002, ""strongSell"": 0.12}",0.0223128610059491,2025-03-01,49.00509262084961,2025-02-28,,"{""low"": 58.0, ""mid"": 61.1, ""high"": 65.0}","{""low"": 50.0, ""mid"": 55.0, ""high"": 60.0}","{""low"": 30.0, ""mid"": 40.0, ""high"": 50.0}","{""low"": 32.0, ""mid"": 35.0, ""high"": 38.0}",58.0,61.1,65.0,50.0,55.0,60.0,30.0,40.0,50.0,32.0,35.0,38.0,benchmark_results_20250301_20250331_181414.csv
BA,"{""strongBuy"": 0.24, ""buy"": 0.16000000000000003, ""hold"": 0.5, ""sell"": 0.04000000000000001, ""strongSell"": 0.06}",0.0193330612244897,"{""strongBuy"": 0.14285714285714285, ""buy"": 0.42857142857142855, ""hold"": 0.39285714285714285, ""sell"": 0.03571428571428571, ""strongSell"": 0.0}",4,"{""strongBuy"": 0.18, ""buy"": 0.12, ""hold"": 0.5, ""sell"": 0.08000000000000002, ""strongSell"": 0.12}",0.0248873469387755,2025-03-01,174.6300048828125,2025-02-28,,"{""low"": 190.0, ""mid"": 180.0, ""high"": 185.0}","{""low"": 175.0, ""mid"": 180.0, ""high"": 185.0}","{""low"": 220.0, ""mid"": 250.0, ""high"": 280.0}","{""low"": 190.0, ""mid"": 210.0, ""high"": 230.0}",190.0,180.0,185.0,175.0,180.0,185.0,220.0,250.0,280.0,190.0,210.0,230.0,benchmark_results_20250301_20250331_181414.csv
LMT,"{""strongBuy"": 0.18, ""buy"": 0.12, ""hold"": 0.5, ""sell"": 0.08000000000000002, ""strongSell"": 0.12}",0.0095416049382716,"{""strongBuy"": 0.1527777777777778, ""buy"": 0.3055555555555556, ""hold"": 0.5, ""sell"": 0.0, ""strongSell"": 0.041666666666666664}",4,"{""strongBuy"": 0.18, ""buy"": 0.12, ""hold"": 0.5, ""sell"": 0.08000000000000002, ""strongSell"": 0.12}",0.0095416049382716,2025-03-01,447.0699768066406,2025-02-28,,"{""low"": 490, ""mid"": 523, ""high"": 560}","{""low"": 450, ""mid"": 460, ""high"": 475}","{""low"": 430.0, ""mid"": 470.0, ""high"": 510.0}","{""low"": 420.0, ""mid"": 440.0, ""high"": 460.0}",490.0,523.0,560.0,450.0,460.0,475.0,430.0,470.0,510.0,420.0,440.0,460.0,benchmark_results_20250301_20250331_181414.csv
RTX,"{""strongBuy"": 0.15, ""buy"": 0.1, ""hold"": 0.5, ""sell"": 0.1, ""strongSell"": 0.15}",0.0251141975308642,"{""strongBuy"": 0.125, ""buy"": 0.4027777777777778, ""hold"": 0.4722222222222222, ""sell"": 0.0, ""strongSell"": 0.0}",4,"{""strongBuy"": 0.24, ""buy"": 0.16000000000000003, ""hold"": 0.5, ""sell"": 0.04000000000000001, ""strongSell"": 0.06}",0.0156275308641975,2025-03-01,132.99000549316406,2025-02-28,,"{""low"": 140.0, ""mid"": 135.0, ""high"": 140.0}","{""low"": 130.0, ""mid"": 135.0, ""high"": 140.0}","{""low"": 75.0, ""mid"": 90.0, ""high"": 105.0}","{""low"": 80.0, ""mid"": 85.0, ""high"": 90.0}",140.0,135.0,140.0,130.0,135.0,140.0,75.0,90.0,105.0,80.0,85.0,90.0,benchmark_results_20250301_20250331_181414.csv
GE,"{""strongBuy"": 0.06, ""buy"": 0.04000000000000001, ""hold"": 0.2, ""sell"": 0.27999999999999997, ""strongSell"": 0.42}",0.1299109451307095,"{""strongBuy"": 0.22033898305084745, ""buy"": 0.6440677966101694, ""hold"": 0.13559322033898305, ""sell"": 0.0, ""strongSell"": 0.0}",4,"{""strongBuy"": 0.18, ""buy"": 0.12, ""hold"": 0.5, ""sell"": 0.08000000000000002, ""strongSell"": 0.12}",0.0859733180120655,2025-03-01,206.5956115722656,2025-02-28,,"{""low"": 180, ""mid"": 210, ""high"": 240}","{""low"": 200, ""mid"": 206, ""high"": 212}","{""low"": 85.0, ""mid"": 95.0, ""high"": 105.0}","{""low"": 75.0, ""mid"": 80.0, ""high"": 85.0}",180.0,210.0,240.0,200.0,206.0,212.0,85.0,95.0,105.0,75.0,80.0,85.0,benchmark_results_20250301_20250331_181414.csv
HON,"{""strongBuy"": 0.21, ""buy"": 0.13999999999999999, ""hold"": 0.5, ""sell"": 0.06, ""strongSell"": 0.09}",0.0164948586456278,"{""strongBuy"": 0.07692307692307693, ""buy"": 0.3717948717948718, ""hold"": 0.5384615384615384, ""sell"": 0.0, ""strongSell"": 0.01282051282051282}",4,"{""strongBuy"": 0.18, ""buy"": 0.12, ""hold"": 0.5, ""sell"": 0.08000000000000002, ""strongSell"": 0.12}",0.0186784483892176,2025-03-01,212.88999938964844,2025-02-28,,"{""low"": 225.0, ""mid"": 220.0, ""high"": 230.0}","{""low"": 210.0, ""mid"": 220.0, ""high"": 230.0}","{""low"": 160.0, ""mid"": 185.0, ""high"": 200.0}","{""low"": 170.0, ""mid"": 175.0, ""high"": 180.0}",225.0,220.0,230.0,210.0,220.0,230.0,160.0,185.0,200.0,170.0,175.0,180.0,benchmark_results_20250301_20250331_181414.csv
NFLX,"{""strongBuy"": 0.39, ""buy"": 0.26, ""hold"": 0.25, ""sell"": 0.04000000000000001, ""strongSell"": 0.06}",0.0250555102040816,"{""strongBuy"": 0.15714285714285714, ""buy"": 0.5214285714285715, ""hold"": 0.2785714285714286, ""sell"": 0.0, ""strongSell"": 0.04285714285714286}",4,"{""strongBuy"": 0.24, ""buy"": 0.16000000000000003, ""hold"": 0.5, ""sell"": 0.04000000000000001, ""strongSell"": 0.06}",0.037684081632653,2025-03-01,980.5599975585938,2025-02-28,,"{""low"": 1000.0, ""mid"": 980.0, ""high"": 1025.0}","{""low"": 950.0, ""mid"": 980.0, ""high"": 1025.0}","{""low"": 420, ""mid"": 480, ""high"": 540}","{""low"": 400, ""mid"": 425, ""high"": 450}",1000.0,980.0,1025.0,950.0,980.0,1025.0,420.0,480.0,540.0,400.0,425.0,450.0,benchmark_results_20250301_20250331_181414.csv
CMCSA,"{""strongBuy"": 0.39, ""buy"": 0.26, ""hold"": 0.3, ""sell"": 0.020000000000000004, ""strongSell"": 0.03}",0.02132384799899,"{""strongBuy"": 0.14606741573033707, ""buy"": 0.3707865168539326, ""hold"": 0.48314606741573035, ""sell"": 0.0, ""strongSell"": 0.0}",4,"{""strongBuy"": 0.15, ""buy"": 0.1, ""hold"": 0.5, ""sell"": 0.1, ""strongSell"": 0.15}",0.0212249715944956,2025-03-01,35.880001068115234,2025-02-28,,"{""low"": 41.5, ""mid"": 43.0, ""high"": 46.0}","{""low"": 37.0, ""mid"": 40.0, ""high"": 42.0}","{""low"": 26.0, ""mid"": 34.0, ""high"": 40.0}","{""low"": 28.0, ""mid"": 30.0, ""high"": 32.0}",41.5,43.0,46.0,37.0,40.0,42.0,26.0,34.0,40.0,28.0,30.0,32.0,benchmark_results_20250301_20250331_181414.csv
CHTR,"{""strongBuy"": 0.33, ""buy"": 0.22000000000000003, ""hold"": 0.35, ""sell"": 0.04000000000000001, ""strongSell"": 0.06}",0.0199191321499013,"{""strongBuy"": 0.05128205128205128, ""buy"": 0.32051282051282054, ""hold"": 0.4358974358974359, ""sell"": 0.07692307692307693, ""strongSell"": 0.11538461538461539}",4,"{""strongBuy"": 0.18, ""buy"": 0.12, ""hold"": 0.5, ""sell"": 0.08000000000000002, ""strongSell"": 0.12}",0.0121827218934911,2025-03-01,363.5700073242187,2025-02-28,,"{""low"": 390.0, ""mid"": 385.0, ""high"": 400.0}","{""low"": 370.0, ""mid"": 385.0, ""high"": 400.0}","{""low"": 360.0, ""mid"": 400.0, ""high"": 440.0}","{""low"": 350.0, ""mid"": 370.0, ""high"": 390.0}",390.0,385.0,400.0,370.0,385.0,400.0,360.0,400.0,440.0,350.0,370.0,390.0,benchmark_results_20250301_20250331_181414.csv
ROKU,"{""strongBuy"": 0.36, ""buy"": 0.24, ""hold"": 0.3, ""sell"": 0.04000000000000001, ""strongSell"": 0.06}",0.0233043727598566,"{""strongBuy"": 0.0967741935483871, ""buy"": 0.3655913978494624, ""hold"": 0.4731182795698925, ""sell"": 0.043010752688172046, ""strongSell"": 0.021505376344086023}",4,"{""strongBuy"": 0.18, ""buy"": 0.12, ""hold"": 0.5, ""sell"": 0.08000000000000002, ""strongSell"": 0.12}",0.0158067383512544,2025-03-01,83.51000213623047,2025-02-28,,"{""low"": 102.0, ""mid"": 95.0, ""high"": 100.0}","{""low"": 90.0, ""mid"": 95.0, ""high"": 100.0}","{""low"": 50.0, ""mid"": 70.0, ""high"": 90.0}","{""low"": 55.0, ""mid"": 60.0, ""high"": 65.0}",102.0,95.0,100.0,90.0,95.0,100.0,50.0,70.0,90.0,55.0,60.0,65.0,benchmark_results_20250301_20250331_181414.csv
T,"{""strongBuy"": 0.24, ""buy"": 0.16000000000000003, ""hold"": 0.5, ""sell"": 0.04000000000000001, ""strongSell"": 0.06}",0.0311108390022675,"{""strongBuy"": 0.30952380952380953, ""buy"": 0.42857142857142855, ""hold"": 0.2261904761904762, ""sell"": 0.03571428571428571, ""strongSell"": 0.0}",4,"{""strongBuy"": 0.18, ""buy"": 0.12, ""hold"": 0.5, ""sell"": 0.08000000000000002, ""strongSell"": 0.12}",0.0406651247165532,2025-03-01,27.40999984741211,2025-02-28,,"{""low"": 24.67, ""mid"": 27.41, ""high"": 30.15}","{""low"": 26.0, ""mid"": 27.4, ""high"": 28.5}","{""low"": 15.0, ""mid"": 18.0, ""high"": 20.0}","{""low"": 14.0, ""mid"": 15.0, ""high"": 16.0}",24.67,27.41,30.15,26.0,27.4,28.5,15.0,18.0,20.0,14.0,15.0,16.0,benchmark_results_20250301_20250331_181414.csv
VZ,"{""strongBuy"": 0.21, ""buy"": 0.13999999999999999, ""hold"": 0.55, ""sell"": 0.04000000000000001, ""strongSell"": 0.06}",0.0023418014464168,"{""strongBuy"": 0.23076923076923078, ""buy"": 0.21794871794871795, ""hold"": 0.5512820512820513, ""sell"": 0.0, ""strongSell"": 0.0}",4,"{""strongBuy"": 0.18, ""buy"": 0.12, ""hold"": 0.5, ""sell"": 0.08000000000000002, ""strongSell"": 0.12}",0.0071202629848783,2025-03-01,43.099998474121094,2025-02-28,,"{""low"": 45.0, ""mid"": 47.5, ""high"": 50.0}","{""low"": 42.0, ""mid"": 45.0, ""high"": 48.0}","{""low"": 32.0, ""mid"": 36.0, ""high"": 40.0}","{""low"": 34.0, ""mid"": 36.0, ""high"": 38.0}",45.0,47.5,50.0,42.0,45.0,48.0,32.0,36.0,40.0,34.0,36.0,38.0,benchmark_results_20250301_20250331_181414.csv
TMUS,"{""strongBuy"": 0.15, ""buy"": 0.1, ""hold"": 0.5, ""sell"": 0.1, ""strongSell"": 0.15}",0.0342471655328798,"{""strongBuy"": 0.25, ""buy"": 0.40476190476190477, ""hold"": 0.27380952380952384, ""sell"": 0.03571428571428571, ""strongSell"": 0.03571428571428571}",4,"{""strongBuy"": 0.18, ""buy"": 0.12, ""hold"": 0.5, ""sell"": 0.08000000000000002, ""strongSell"": 0.12}",0.0292433560090702,2025-03-01,269.69000244140625,2025-02-28,,"{""low"": 240.0, ""mid"": 265.0, ""high"": 275.0}","{""low"": 255.0, ""mid"": 265.0, ""high"": 275.0}","{""low"": 130, ""mid"": 170, ""high"": 210}","{""low"": 140, ""mid"": 150, ""high"": 160}",240.0,265.0,275.0,255.0,265.0,275.0,130.0,170.0,210.0,140.0,150.0,160.0,benchmark_results_20250301_20250331_181414.csv
LBRDK,"{""strongBuy"": 0.18, ""buy"": 0.12, ""hold"": 0.5, ""sell"": 0.08000000000000002, ""strongSell"": 0.12}",0.0307036734693877,"{""strongBuy"": 0.0, ""buy"": 0.42857142857142855, ""hold"": 0.5714285714285714, ""sell"": 0.0, ""strongSell"": 0.0}",4,"{""strongBuy"": 0.15, ""buy"": 0.1, ""hold"": 0.5, ""sell"": 0.1, ""strongSell"": 0.15}",0.0336122448979591,2025-03-01,82.26000213623047,2025-02-28,,"{""low"": 95, ""mid"": 101, ""high"": 110}","{""low"": 80, ""mid"": 85, ""high"": 90}","{""low"": 70.0, ""mid"": 90.0, ""high"": 110.0}","{""low"": 75.0, ""mid"": 80.0, ""high"": 85.0}",95.0,101.0,110.0,80.0,85.0,90.0,70.0,90.0,110.0,75.0,80.0,85.0,benchmark_results_20250301_20250331_181414.csv
AMGN,"{""strongBuy"": 0.21, ""buy"": 0.13999999999999999, ""hold"": 0.45, ""sell"": 0.08000000000000002, ""strongSell"": 0.12}",0.0070994114984155,"{""strongBuy"": 0.1595744680851064, ""buy"": 0.2978723404255319, ""hold"": 0.44680851063829785, ""sell"": 0.06382978723404255, ""strongSell"": 0.031914893617021274}",4,"{""strongBuy"": 0.18, ""buy"": 0.12, ""hold"": 0.5, ""sell"": 0.08000000000000002, ""strongSell"": 0.12}",0.0085811136260751,2025-03-01,308.05999755859375,2025-02-28,,"{""low"": 310, ""mid"": 330, ""high"": 350}","{""low"": 305, ""mid"": 315, ""high"": 325}","{""low"": 230, ""mid"": 270, ""high"": 300}","{""low"": 240, ""mid"": 250, ""high"": 260}",310.0,330.0,350.0,305.0,315.0,325.0,230.0,270.0,300.0,240.0,250.0,260.0,benchmark_results_20250301_20250331_181414.csv
GILD,"{""strongBuy"": 0.18, ""buy"": 0.12, ""hold"": 0.5, ""sell"": 0.08000000000000002, ""strongSell"": 0.12}",0.033387674858223,"{""strongBuy"": 0.15217391304347827, ""buy"": 0.4782608695652174, ""hold"": 0.3695652173913043, ""sell"": 0.0, ""strongSell"": 0.0}",4,"{""strongBuy"": 0.18, ""buy"": 0.12, ""hold"": 0.5, ""sell"": 0.08000000000000002, ""strongSell"": 0.12}",0.033387674858223,2025-03-01,113.5133056640625,2025-02-28,,"{""low"": 105.0, ""mid"": 113.5, ""high"": 115.0}","{""low"": 110.0, ""mid"": 113.5, ""high"": 115.0}","{""low"": 60.0, ""mid"": 75.0, ""high"": 90.0}","{""low"": 65.0, ""mid"": 70.0, ""high"": 75.0}",105.0,113.5,115.0,110.0,113.5,115.0,60.0,75.0,90.0,65.0,70.0,75.0,benchmark_results_20250301_20250331_181414.csv
BIIB,"{""strongBuy"": 0.39, ""buy"": 0.26, ""hold"": 0.25, ""sell"": 0.04000000000000001, ""strongSell"": 0.06}",0.0237579282033365,"{""strongBuy"": 0.1588785046728972, ""buy"": 0.37383177570093457, ""hold"": 0.4672897196261682, ""sell"": 0.0, ""strongSell"": 0.0}",4,"{""strongBuy"": 0.18, ""buy"": 0.12, ""hold"": 0.5, ""sell"": 0.08000000000000002, ""strongSell"": 0.12}",0.0173493300724954,2025-03-01,140.5,2025-02-28,,"{""low"": 180.0, ""mid"": 150.0, ""high"": 155.0}","{""low"": 145.0, ""mid"": 150.0, ""high"": 155.0}","{""low"": 240.0, ""mid"": 300.0, ""high"": 350.0}","{""low"": 250.0, ""mid"": 260.0, ""high"": 270.0}",180.0,150.0,155.0,145.0,150.0,155.0,240.0,300.0,350.0,250.0,260.0,270.0,benchmark_results_20250301_20250331_181414.csv
MRNA,"{""strongBuy"": 0.36, ""buy"": 0.24, ""hold"": 0.3, ""sell"": 0.04000000000000001, ""strongSell"": 0.06}",0.039149443999359,"{""strongBuy"": 0.05063291139240506, ""buy"": 0.189873417721519, ""hold"": 0.6075949367088608, ""sell"": 0.0379746835443038, ""strongSell"": 0.11392405063291139}",4,"{""strongBuy"": 0.18, ""buy"": 0.12, ""hold"": 0.5, ""sell"": 0.08000000000000002, ""strongSell"": 0.12}",0.0069995705816375,2025-03-01,30.959999084472656,2025-02-28,,"{""low"": 50, ""mid"": 60, ""high"": 70}","{""low"": 35, ""mid"": 40, ""high"": 45}","{""low"": 100.0, ""mid"": 150.0, ""high"": 200.0}","{""low"": 120.0, ""mid"": 130.0, ""high"": 140.0}",50.0,60.0,70.0,35.0,40.0,45.0,100.0,150.0,200.0,120.0,130.0,140.0,benchmark_results_20250301_20250331_181414.csv
REGN,"{""strongBuy"": 0.21, ""buy"": 0.13999999999999999, ""hold"": 0.55, ""sell"": 0.04000000000000001, ""strongSell"": 0.06}",0.035205,"{""strongBuy"": 0.2625, ""buy"": 0.4375, ""hold"": 0.2625, ""sell"": 0.0, ""strongSell"": 0.0375}",4,"{""strongBuy"": 0.24, ""buy"": 0.16000000000000003, ""hold"": 0.5, ""sell"": 0.04000000000000001, ""strongSell"": 0.06}",0.0272049999999999,2025-03-01,698.739990234375,2025-02-28,,"{""low"": 850, ""mid"": 918, ""high"": 950}","{""low"": 680, ""mid"": 700, ""high"": 720}","{""low"": 680.0, ""mid"": 740.0, ""high"": 800.0}","{""low"": 710.0, ""mid"": 730.0, ""high"": 750.0}",850.0,918.0,950.0,680.0,700.0,720.0,680.0,740.0,800.0,710.0,730.0,750.0,benchmark_results_20250301_20250331_181414.csv
ABNB,"{""strongBuy"": 0.39, ""buy"": 0.26, ""hold"": 0.25, ""sell"": 0.04000000000000001, ""strongSell"": 0.06}",0.0494008547685001,"{""strongBuy"": 0.03007518796992481, ""buy"": 0.2556390977443609, ""hold"": 0.5864661654135338, ""sell"": 0.09774436090225563, ""strongSell"": 0.03007518796992481}",4,"{""strongBuy"": 0.24, ""buy"": 0.16000000000000003, ""hold"": 0.5, ""sell"": 0.04000000000000001, ""strongSell"": 0.06}",0.0129843134151167,2025-03-01,138.8699951171875,2025-02-28,,"{""low"": 157.0, ""mid"": 160.0, ""high"": 170.0}","{""low"": 145.0, ""mid"": 155.0, ""high"": 165.0}","{""low"": 90.0, ""mid"": 120.0, ""high"": 150.0}","{""low"": 95.0, ""mid"": 100.0, ""high"": 105.0}",157.0,160.0,170.0,145.0,155.0,165.0,90.0,120.0,150.0,95.0,100.0,105.0,benchmark_results_20250301_20250331_182850.csv
UBER,"{""strongBuy"": 0.21, ""buy"": 0.13999999999999999, ""hold"": 0.45, ""sell"": 0.08000000000000002, ""strongSell"": 0.12}",0.0685801652892562,"{""strongBuy"": 0.23636363636363636, ""buy"": 0.6181818181818182, ""hold"": 0.14545454545454545, ""sell"": 0.0, ""strongSell"": 0.0}",4,"{""strongBuy"": 0.18, ""buy"": 0.12, ""hold"": 0.5, ""sell"": 0.08000000000000002, ""strongSell"": 0.12}",0.0795728925619834,2025-03-01,76.01000213623047,2025-02-28,,"{""low"": 85.0, ""mid"": 78.0, ""high"": 82.0}","{""low"": 74.0, ""mid"": 78.0, ""high"": 82.0}","{""low"": 35.0, ""mid"": 45.0, ""high"": 55.0}","{""low"": 30.0, ""mid"": 32.5, ""high"": 35.0}",85.0,78.0,82.0,74.0,78.0,82.0,35.0,45.0,55.0,30.0,32.5,35.0,benchmark_results_20250301_20250331_182850.csv
LYFT,"{""strongBuy"": 0.24, ""buy"": 0.16000000000000003, ""hold"": 0.5, ""sell"": 0.04000000000000001, ""strongSell"": 0.06}",0.0105970342365049,"{""strongBuy"": 0.10869565217391304, ""buy"": 0.21739130434782608, ""hold"": 0.6666666666666666, ""sell"": 0.007246376811594203, ""strongSell"": 0.0}",4,"{""strongBuy"": 0.18, ""buy"": 0.12, ""hold"": 0.5, ""sell"": 0.08000000000000002, ""strongSell"": 0.12}",0.0124080487292585,2025-03-01,13.34000015258789,2025-02-28,,"{""low"": 15.0, ""mid"": 13.5, ""high"": 14.5}","{""low"": 12.5, ""mid"": 13.5, ""high"": 14.5}","{""low"": 12.0, ""mid"": 15.0, ""high"": 18.0}","{""low"": 10.0, ""mid"": 11.5, ""high"": 13.0}",15.0,13.5,14.5,12.5,13.5,14.5,12.0,15.0,18.0,10.0,11.5,13.0,benchmark_results_20250301_20250331_182850.csv
DASH,"{""strongBuy"": 0.39, ""buy"": 0.26, ""hold"": 0.25, ""sell"": 0.04000000000000001, ""strongSell"": 0.06}",0.021169298434055,"{""strongBuy"": 0.18045112781954886, ""buy"": 0.48120300751879697, ""hold"": 0.3383458646616541, ""sell"": 0.0, ""strongSell"": 0.0}",4,"{""strongBuy"": 0.15, ""buy"": 0.1, ""hold"": 0.5, ""sell"": 0.1, ""strongSell"": 0.15}",0.0409750127197693,2025-03-01,198.44000244140625,2025-02-28,,"{""low"": 240.0, ""mid"": 215.0, ""high"": 225.0}","{""low"": 205.0, ""mid"": 215.0, ""high"": 225.0}","{""low"": 45.0, ""mid"": 65.0, ""high"": 85.0}","{""low"": 50.0, ""mid"": 55.0, ""high"": 60.0}",240.0,215.0,225.0,205.0,215.0,225.0,45.0,65.0,85.0,50.0,55.0,60.0,benchmark_results_20250301_20250331_182850.csv
BKNG,"{""strongBuy"": 0.39, ""buy"": 0.26, ""hold"": 0.25, ""sell"": 0.04000000000000001, ""strongSell"": 0.06}",0.0268181212295317,"{""strongBuy"": 0.15254237288135594, ""buy"": 0.5169491525423728, ""hold"": 0.3305084745762712, ""sell"": 0.0, ""strongSell"": 0.0}",4,"{""strongBuy"": 0.18, ""buy"": 0.12, ""hold"": 0.5, ""sell"": 0.08000000000000002, ""strongSell"": 0.12}",0.0415699856363113,2025-03-01,5005.75537109375,2025-02-28,,"{""low"": 5500.0, ""mid"": 5050.0, ""high"": 5150.0}","{""low"": 4950.0, ""mid"": 5050.0, ""high"": 5150.0}","{""low"": 2400, ""mid"": 2700, ""high"": 3000}","{""low"": 2300, ""mid"": 2450, ""high"": 2600}",5500.0,5050.0,5150.0,4950.0,5050.0,5150.0,2400.0,2700.0,3000.0,2300.0,2450.0,2600.0,benchmark_results_20250301_20250331_182850.csv
TWLO,"{""strongBuy"": 0.36, ""buy"": 0.24, ""hold"": 0.3, ""sell"": 0.04000000000000001, ""strongSell"": 0.06}",0.0029067600531336,"{""strongBuy"": 0.2857142857142857, ""buy"": 0.32967032967032966, ""hold"": 0.27472527472527475, ""sell"": 0.03296703296703297, ""strongSell"": 0.07692307692307693}",4,"{""strongBuy"": 0.18, ""buy"": 0.12, ""hold"": 0.5, ""sell"": 0.08000000000000002, ""strongSell"": 0.12}",0.0219907160970897,2025-03-01,119.93000030517578,2025-02-28,,"{""low"": 150.0, ""mid"": 165.0, ""high"": 180.0}","{""low"": 125.0, ""mid"": 135.0, ""high"": 145.0}","{""low"": 55.0, ""mid"": 75.0, ""high"": 90.0}","{""low"": 60.0, ""mid"": 65.0, ""high"": 70.0}",150.0,165.0,180.0,125.0,135.0,145.0,55.0,75.0,90.0,60.0,65.0,70.0,benchmark_results_20250301_20250331_182850.csv
NET,"{""strongBuy"": 0.12, ""buy"": 0.08000000000000002, ""hold"": 0.5, ""sell"": 0.12, ""strongSell"": 0.18}",0.01232,"{""strongBuy"": 0.18095238095238095, ""buy"": 0.26666666666666666, ""hold"": 0.45714285714285713, ""sell"": 0.02857142857142857, ""strongSell"": 0.06666666666666667}",4,"{""strongBuy"": 0.18, ""buy"": 0.12, ""hold"": 0.5, ""sell"": 0.08000000000000002, ""strongSell"": 0.12}",0.005767619047619,2025-03-01,145.3000030517578,2025-02-28,,"{""low"": 135.0, ""mid"": 145.0, ""high"": 155.0}","{""low"": 140.0, ""mid"": 145.0, ""high"": 150.0}","{""low"": 55.0, ""mid"": 70.0, ""high"": 85.0}","{""low"": 50.0, ""mid"": 55.0, ""high"": 60.0}",135.0,145.0,155.0,140.0,145.0,150.0,55.0,70.0,85.0,50.0,55.0,60.0,benchmark_results_20250301_20250331_182850.csv
ZS,"{""strongBuy"": 0.15, ""buy"": 0.1, ""hold"": 0.5, ""sell"": 0.1, ""strongSell"": 0.15}",0.038064390187052,"{""strongBuy"": 0.183206106870229, ""buy"": 0.46564885496183206, ""hold"": 0.3435114503816794, ""sell"": 0.007633587786259542, ""strongSell"": 0.0}",4,"{""strongBuy"": 0.18, ""buy"": 0.12, ""hold"": 0.5, ""sell"": 0.08000000000000002, ""strongSell"": 0.12}",0.0327217947672047,2025-03-01,196.22999572753903,2025-02-28,,"{""low"": 220, ""mid"": 240, ""high"": 260}","{""low"": 190, ""mid"": 200, ""high"": 210}","{""low"": 150, ""mid"": 170, ""high"": 190}","{""low"": 130, ""mid"": 135, ""high"": 140}",220.0,240.0,260.0,190.0,200.0,210.0,150.0,170.0,190.0,130.0,135.0,140.0,benchmark_results_20250301_20250331_182850.csv
OKTA,"{""strongBuy"": 0.21, ""buy"": 0.13999999999999999, ""hold"": 0.5, ""sell"": 0.06, ""strongSell"": 0.09}",0.012491030176899,"{""strongBuy"": 0.1693548387096774, ""buy"": 0.3629032258064516, ""hold"": 0.4435483870967742, ""sell"": 0.0, ""strongSell"": 0.024193548387096774}",4,"{""strongBuy"": 0.18, ""buy"": 0.12, ""hold"": 0.5, ""sell"": 0.08000000000000002, ""strongSell"": 0.12}",0.0155761914672216,2025-03-01,90.48999786376952,2025-02-28,,"{""low"": 100.0, ""mid"": 90.0, ""high"": 95.0}","{""low"": 85.0, ""mid"": 90.0, ""high"": 95.0}","{""low"": 80.0, ""mid"": 90.0, ""high"": 100.0}","{""low"": 65.0, ""mid"": 70.0, ""high"": 75.0}",100.0,90.0,95.0,85.0,90.0,95.0,80.0,90.0,100.0,65.0,70.0,75.0,benchmark_results_20250301_20250331_182850.csv
NOW,"{""strongBuy"": 0.3, ""buy"": 0.2, ""hold"": 0.3, ""sell"": 0.08000000000000002, ""strongSell"": 0.12}",0.0418975807529516,"{""strongBuy"": 0.2537313432835821, ""buy"": 0.5970149253731343, ""hold"": 0.11194029850746269, ""sell"": 0.022388059701492536, ""strongSell"": 0.014925373134328358}",4,"{""strongBuy"": 0.36, ""buy"": 0.24, ""hold"": 0.3, ""sell"": 0.04000000000000001, ""strongSell"": 0.06}",0.0352922076186233,2025-03-01,929.760009765625,2025-02-28,,"{""low"": 1100.0, ""mid"": 1000.0, ""high"": 1050.0}","{""low"": 950.0, ""mid"": 1000.0, ""high"": 1050.0}","{""low"": 550.0, ""mid"": 600.0, ""high"": 650.0}","{""low"": 500.0, ""mid"": 520.0, ""high"": 540.0}",1100.0,1000.0,1050.0,950.0,1000.0,1050.0,550.0,600.0,650.0,500.0,520.0,540.0,benchmark_results_20250301_20250331_182850.csv
TEAM,"{""strongBuy"": 0.33, ""buy"": 0.22000000000000003, ""hold"": 0.35, ""sell"": 0.04000000000000001, ""strongSell"": 0.06}",0.0158321329639889,"{""strongBuy"": 0.21052631578947367, ""buy"": 0.4631578947368421, ""hold"": 0.3263157894736842, ""sell"": 0.0, ""strongSell"": 0.0}",4,"{""strongBuy"": 0.24, ""buy"": 0.16000000000000003, ""hold"": 0.5, ""sell"": 0.04000000000000001, ""strongSell"": 0.06}",0.0256279224376731,2025-03-01,284.260009765625,2025-02-28,,"{""low"": 330.0, ""mid"": 350.0, ""high"": 370.0}","{""low"": 290.0, ""mid"": 300.0, ""high"": 310.0}","{""low"": 180.0, ""mid"": 190.0, ""high"": 200.0}","{""low"": 160.0, ""mid"": 165.0, ""high"": 170.0}",330.0,350.0,370.0,290.0,300.0,310.0,180.0,190.0,200.0,160.0,165.0,170.0,benchmark_results_20250301_20250331_182850.csv
DOCU,"{""strongBuy"": 0.24, ""buy"": 0.16000000000000003, ""hold"": 0.5, ""sell"": 0.04000000000000001, ""strongSell"": 0.06}",0.0124294223902541,"{""strongBuy"": 0.08695652173913043, ""buy"": 0.10144927536231885, ""hold"": 0.6811594202898551, ""sell"": 0.08695652173913043, ""strongSell"": 0.043478260869565216}",4,"{""strongBuy"": 0.18, ""buy"": 0.12, ""hold"": 0.5, ""sell"": 0.08000000000000002, ""strongSell"": 0.12}",0.0095447847090947,2025-03-01,83.16999816894531,2025-02-28,,"{""low"": 100.0, ""mid"": 105.0, ""high"": 110.0}","{""low"": 85.0, ""mid"": 90.0, ""high"": 95.0}","{""low"": 40.0, ""mid"": 60.0, ""high"": 75.0}","{""low"": 45.0, ""mid"": 50.0, ""high"": 55.0}",100.0,105.0,110.0,85.0,90.0,95.0,40.0,60.0,75.0,45.0,50.0,55.0,benchmark_results_20250301_20250331_182850.csv
WDAY,"{""strongBuy"": 0.36, ""buy"": 0.24, ""hold"": 0.3, ""sell"": 0.04000000000000001, ""strongSell"": 0.06}",0.0108879548508465,"{""strongBuy"": 0.27049180327868855, ""buy"": 0.4426229508196721, ""hold"": 0.28688524590163933, ""sell"": 0.0, ""strongSell"": 0.0}",4,"{""strongBuy"": 0.18, ""buy"": 0.12, ""hold"": 0.5, ""sell"": 0.08000000000000002, ""strongSell"": 0.12}",0.0356984466541252,2025-03-01,263.3399963378906,2025-02-28,,"{""low"": 300, ""mid"": 350, ""high"": 400}","{""low"": 260, ""mid"": 275, ""high"": 290}","{""low"": 210.0, ""mid"": 230.0, ""high"": 250.0}","{""low"": 180.0, ""mid"": 190.0, ""high"": 200.0}",300.0,350.0,400.0,260.0,275.0,290.0,210.0,230.0,250.0,180.0,190.0,200.0,benchmark_results_20250301_20250331_182850.csv
